"Tarih","Şimdi","Açılış","Yüksek","Düşük","Hac.","Fark %"
"23.10.2020","9,500","9,750","9,790","9,300","237,49K","-2,36%"
"22.10.2020","9,730","9,910","9,990","9,700","251,44K","-1,82%"
"21.10.2020","9,910","10,180","10,230","9,830","314,39K","-2,46%"
"20.10.2020","10,160","10,480","10,600","9,990","556,77K","-2,50%"
"19.10.2020","10,420","9,850","10,590","9,840","669,59K","6,00%"
"16.10.2020","9,830","9,780","9,870","9,750","138,53K","0,72%"
"15.10.2020","9,760","9,790","10,000","9,680","212,36K","-0,31%"
"14.10.2020","9,790","9,900","9,950","9,730","217,47K","-0,41%"
"13.10.2020","9,830","9,990","10,030","9,770","291,37K","-0,91%"
"12.10.2020","9,920","9,830","10,180","9,800","331,21K","0,81%"
"09.10.2020","9,840","10,010","10,010","9,730","267,80K","-1,70%"
"08.10.2020","10,010","10,270","10,270","9,970","236,61K","-2,34%"
"07.10.2020","10,250","10,150","10,560","10,150","353,07K","2,19%"
"06.10.2020","10,030","10,500","10,570","9,980","323,01K","-2,24%"
"05.10.2020","10,260","9,330","10,260","9,310","612,53K","9,97%"
"02.10.2020","9,330","9,400","9,600","9,270","160,39K","-0,74%"
"01.10.2020","9,400","9,820","9,830","9,330","249,66K","-4,28%"
"30.09.2020","9,820","9,880","10,020","9,800","521,73K","-0,41%"
"29.09.2020","9,860","9,970","10,180","9,850","671,42K","-1,30%"
"28.09.2020","9,990","10,180","10,180","9,960","479,86K","-1,19%"
"25.09.2020","10,110","10,190","10,300","10,050","470,61K","0,90%"
"24.09.2020","10,020","10,140","10,240","9,980","420,62K","-1,28%"
"23.09.2020","10,150","10,290","10,420","10,010","548,47K","-1,07%"
"22.09.2020","10,260","10,270","10,460","9,980","519,36K","0,00%"
"21.09.2020","10,260","10,800","10,800","10,260","576,50K","-5,00%"
"18.09.2020","10,800","11,160","11,180","10,610","663,30K","-2,70%"
"17.09.2020","11,100","11,010","11,250","10,750","297,09K","0,82%"
"16.09.2020","11,010","10,880","11,280","10,340","368,49K","1,29%"
"15.09.2020","10,870","11,070","11,290","10,800","366,79K","-2,86%"
"14.09.2020","11,190","10,800","11,300","10,770","489,21K","3,90%"
"11.09.2020","10,770","10,500","10,800","10,500","253,53K","2,77%"
"10.09.2020","10,480","10,650","10,750","10,430","276,97K","-1,96%"
"09.09.2020","10,690","10,670","11,210","10,390","319,61K","-0,19%"
"08.09.2020","10,710","11,270","11,270","10,700","517,60K","-4,97%"
"07.09.2020","11,270","10,810","11,650","10,400","861,51K","4,26%"
"04.09.2020","10,810","9,500","10,810","9,500","955,13K","9,97%"
"03.09.2020","9,830","9,990","10,450","9,500","571,12K","-3,15%"
"02.09.2020","10,150","10,650","10,650","10,130","1,41M","-4,69%"
"01.09.2020","10,650","11,750","11,870","10,550","2,50M","-7,39%"
"31.08.2020","11,500","11,700","12,150","11,240","2,91M","2,40%"
"28.08.2020","11,230","11,620","11,700","11,030","2,87M","-3,36%"
"27.08.2020","11,620","12,750","13,000","11,500","3,49M","-8,29%"
"26.08.2020","12,670","12,890","13,970","12,190","8,96M","-6,43%"
"25.08.2020","13,540","13,500","14,100","12,830","9,45M","4,96%"
"24.08.2020","12,900","12,150","12,900","12,060","4,62M","9,97%"
"21.08.2020","11,730","11,000","11,730","11,000","4,55M","9,93%"
"20.08.2020","10,670","10,440","10,670","10,100","1,10M","10,00%"
"19.08.2020","9,700","8,900","9,700","8,900","676,71K","9,98%"
"18.08.2020","8,820","7,960","8,820","7,800","492,39K","9,98%"
"17.08.2020","8,020","7,590","8,150","7,390","109,66K","5,25%"
"14.08.2020","7,620","7,780","7,780","7,410","69,41K","-2,06%"
"13.08.2020","7,780","7,840","7,900","7,600","136,14K","-0,77%"
"12.08.2020","7,840","7,940","8,060","7,800","189,82K","-1,01%"
"11.08.2020","7,920","7,940","8,110","7,600","314,52K","-3,30%"
"10.08.2020","8,190","7,990","8,200","7,500","355,28K","0,24%"
"07.08.2020","8,170","7,000","8,200","6,730","418,69K","9,37%"
"06.08.2020","7,470","8,500","8,500","7,470","210,41K","-10,00%"
"05.08.2020","8,300","7,910","8,450","7,520","2,89M","4,93%"
"04.08.2020","7,910","9,590","9,600","7,910","4,70M","-9,91%"
"30.07.2020","8,780","8,400","8,780","8,400","923,28K","9,89%"
"29.07.2020","7,990","7,550","7,990","7,350","2,80M","9,90%"
"28.07.2020","7,270","6,800","7,270","6,460","5,78M","9,98%"
"27.07.2020","6,610","6,080","6,610","6,030","3,71M","9,98%"
"24.07.2020","6,010","6,000","6,030","5,920","522,48K","-0,17%"
"23.07.2020","6,020","6,040","6,140","6,010","529,93K","-0,17%"
"22.07.2020","6,030","6,040","6,190","5,990","693,07K","-0,17%"
"21.07.2020","6,040","6,250","6,300","5,940","821,46K","-3,21%"
"20.07.2020","6,240","6,190","6,370","6,130","1,13M","0,97%"
"17.07.2020","6,180","6,120","6,390","6,110","1,90M","1,48%"
"16.07.2020","6,090","6,000","6,120","5,930","750,04K","2,70%"
"14.07.2020","5,930","5,810","6,050","5,750","948,05K","2,07%"
"13.07.2020","5,810","5,630","5,850","5,630","566,34K","3,75%"
"10.07.2020","5,600","5,900","5,910","5,400","846,91K","-5,08%"
"09.07.2020","5,900","6,220","6,240","5,900","908,53K","-4,53%"
"08.07.2020","6,180","6,400","6,410","6,120","1,34M","-3,44%"
"07.07.2020","6,400","6,260","6,540","5,950","3,27M","3,23%"
"06.07.2020","6,200","6,220","6,310","6,190","1,39M","0,98%"
"03.07.2020","6,140","6,000","6,300","5,950","3,97M","2,68%"
"02.07.2020","5,980","5,870","6,050","5,840","1,42M","2,05%"
"01.07.2020","5,860","5,970","6,090","5,860","2,04M","-1,18%"
"30.06.2020","5,930","5,870","5,960","5,860","866,91K","1,37%"
"29.06.2020","5,850","5,870","5,930","5,840","607,04K","-0,34%"
"26.06.2020","5,870","5,900","5,960","5,860","738,44K","-0,34%"
"25.06.2020","5,890","6,000","6,200","5,800","3,28M","-1,83%"
"24.06.2020","6,000","5,700","6,110","5,660","2,86M","5,26%"
"23.06.2020","5,700","5,720","5,770","5,670","503,65K","-0,35%"
"22.06.2020","5,720","5,770","5,840","5,680","591,64K","-0,52%"
"19.06.2020","5,750","5,970","5,970","5,720","1,16M","-2,71%"
"18.06.2020","5,910","5,950","6,160","5,840","2,92M","-0,17%"
"17.06.2020","5,920","5,740","6,100","5,740","4,29M","3,50%"
"16.06.2020","5,720","5,620","5,870","5,590","2,96M","2,88%"
"15.06.2020","5,560","5,550","5,640","5,490","582,66K","-0,36%"
"12.06.2020","5,580","5,550","5,640","5,520","763,52K","-1,41%"
"11.06.2020","5,660","5,680","5,840","5,580","2,63M","-0,70%"
"10.06.2020","5,700","5,480","5,930","5,480","4,67M","4,59%"
"09.06.2020","5,450","5,520","5,580","5,370","520,96K","-1,27%"
"08.06.2020","5,520","5,430","5,540","5,430","679,19K","1,47%"
"05.06.2020","5,440","5,480","5,530","5,410","528,79K","-0,37%"
"04.06.2020","5,460","5,530","5,530","5,440","548,49K","-0,36%"
"03.06.2020","5,480","5,500","5,540","5,430","910,15K","0,18%"
"02.06.2020","5,470","5,640","5,700","5,410","1,80M","-2,67%"
"01.06.2020","5,620","5,400","5,670","5,320","3,42M","5,84%"
"29.05.2020","5,310","5,240","5,450","5,180","1,95M","2,12%"
"28.05.2020","5,200","5,330","5,340","5,120","655,43K","-1,14%"
"27.05.2020","5,260","5,230","5,290","5,190","744,70K","1,74%"
"22.05.2020","5,170","5,280","5,280","5,160","554,96K","-1,90%"
"21.05.2020","5,270","5,250","5,400","5,210","1,33M","0,38%"
"20.05.2020","5,250","5,380","5,450","5,210","1,78M","-1,50%"
"18.05.2020","5,330","5,130","5,400","5,110","2,38M","4,92%"
"15.05.2020","5,080","5,110","5,140","5,060","439,95K","1,40%"
"14.05.2020","5,010","5,110","5,190","4,970","644,91K","-2,91%"
"13.05.2020","5,160","5,160","5,290","5,120","1,40M","-0,19%"
"12.05.2020","5,170","5,130","5,220","5,100","1,14M","1,37%"
"11.05.2020","5,100","5,070","5,240","5,020","2,13M","1,59%"
"08.05.2020","5,020","5,200","5,500","5,020","2,76M","-4,92%"
"07.05.2020","5,280","4,790","5,280","4,660","2,48M","10,00%"
"06.05.2020","4,800","4,850","4,890","4,750","343,16K","-0,83%"
"05.05.2020","4,840","4,910","4,950","4,750","464,89K","-0,62%"
"04.05.2020","4,870","4,840","4,990","4,830","773,83K","-5,07%"
"30.04.2020","5,130","5,180","5,310","4,940","1,52M","0,00%"
"29.04.2020","5,130","5,100","5,230","5,010","1,55M","5,56%"
"28.04.2020","4,860","4,890","4,960","4,790","1,19M","0,83%"
"27.04.2020","4,820","4,620","4,940","4,620","2,38M","5,70%"
"24.04.2020","4,560","4,550","4,660","4,470","1,32M","0,22%"
"22.04.2020","4,550","4,580","4,630","4,530","588,95K","0,22%"
"21.04.2020","4,540","4,590","4,690","4,450","693,76K","-1,52%"
"20.04.2020","4,610","4,550","4,690","4,500","2,05M","2,67%"
"17.04.2020","4,490","4,550","4,650","4,450","2,52M","0,45%"
"16.04.2020","4,470","4,380","4,700","4,200","2,52M","2,76%"
"15.04.2020","4,350","4,570","4,570","4,120","1,23M","-4,81%"
"14.04.2020","4,570","4,650","4,700","4,550","611,87K","0,22%"
"13.04.2020","4,560","4,460","4,710","4,440","1,63M","0,00%"
"10.04.2020","4,560","4,200","4,640","4,150","2,76M","8,06%"
"09.04.2020","4,220","4,150","4,260","4,100","908,77K","3,18%"
"08.04.2020","4,090","4,020","4,230","3,900","1,78M","1,24%"
"07.04.2020","4,040","4,050","4,230","4,000","1,19M","0,50%"
"06.04.2020","4,020","3,910","4,050","3,840","1,45M","5,51%"
"03.04.2020","3,810","3,790","4,020","3,750","2,28M","1,60%"
"02.04.2020","3,750","3,890","3,900","3,720","500,04K","-2,09%"
"01.04.2020","3,830","3,800","3,950","3,700","1,70M","-1,54%"
"31.03.2020","3,890","3,680","3,920","3,570","2,08M","8,96%"
"30.03.2020","3,570","3,420","3,710","3,400","932,48K","2,00%"
"27.03.2020","3,500","3,750","3,760","3,470","871,78K","-5,41%"
"26.03.2020","3,700","3,510","3,760","3,340","1,51M","5,41%"
"25.03.2020","3,510","3,390","3,630","3,350","814,76K","5,41%"
"24.03.2020","3,330","3,110","3,330","3,100","1,19M","9,90%"
"23.03.2020","3,030","3,040","3,100","2,950","1,01M","-5,31%"
"20.03.2020","3,200","3,100","3,290","3,100","768,30K","3,90%"
"19.03.2020","3,080","3,030","3,190","2,990","271,78K","-3,75%"
"18.03.2020","3,200","3,250","3,600","3,200","283,07K","-6,43%"
"17.03.2020","3,420","3,510","3,600","3,400","293,24K","-9,28%"
"16.03.2020","3,770","4,000","4,010","3,770","199,40K","-9,81%"
"13.03.2020","4,180","3,850","4,220","3,550","575,90K","6,91%"
"12.03.2020","3,910","4,750","4,750","3,910","317,14K","-19,88%"
"11.03.2020","4,880","5,480","5,710","4,780","387,19K","-11,59%"
"10.03.2020","5,520","6,030","6,110","5,480","570,63K","-6,28%"
"09.03.2020","5,890","5,750","6,010","5,550","258,24K","-2,00%"
"06.03.2020","6,010","6,050","6,110","5,930","171,45K","-0,99%"
"05.03.2020","6,070","6,070","6,230","6,010","515,54K","1,68%"
"04.03.2020","5,970","6,010","6,120","5,960","396,02K","-1,65%"
"03.03.2020","6,070","5,910","6,100","5,910","312,57K","3,76%"
"02.03.2020","5,850","5,840","5,990","5,750","495,97K","3,72%"
"28.02.2020","5,640","4,840","5,800","4,840","425,23K","-6,00%"
"27.02.2020","6,000","6,230","6,330","5,960","491,89K","-4,76%"
"26.02.2020","6,300","6,290","6,430","6,200","569,09K","-0,79%"
"25.02.2020","6,350","6,140","6,700","6,130","2,08M","4,44%"
"24.02.2020","6,080","6,190","6,250","5,990","950,60K","-3,18%"
"21.02.2020","6,280","6,500","6,820","6,150","6,81M","10,37%"
"20.02.2020","5,690","6,170","6,210","5,650","456,37K","-7,48%"
"19.02.2020","6,150","6,330","6,420","6,110","286,49K","-2,07%"
"18.02.2020","6,280","6,510","6,590","6,280","483,08K","-3,68%"
"17.02.2020","6,520","6,650","6,820","6,470","1,29M","0,62%"
"14.02.2020","6,480","6,210","7,030","6,210","3,49M","4,35%"
"13.02.2020","6,210","6,000","6,520","5,950","969,14K","3,67%"
"12.02.2020","5,990","6,070","6,120","5,910","250,04K","-1,32%"
"11.02.2020","6,070","5,980","6,080","5,750","477,68K","2,53%"
"10.02.2020","5,920","6,180","6,210","5,470","569,78K","-3,43%"
"07.02.2020","6,130","6,210","6,300","6,120","283,06K","-1,76%"
"06.02.2020","6,240","6,280","6,330","6,200","401,78K","0,65%"
"05.02.2020","6,200","6,140","6,340","6,120","533,59K","0,98%"
"04.02.2020","6,140","6,110","6,160","6,040","486,84K","1,99%"
"03.02.2020","6,020","6,150","6,250","5,910","439,98K","-2,11%"
"31.01.2020","6,150","6,170","6,390","6,000","762,26K","0,82%"
"30.01.2020","6,100","6,200","6,330","5,780","1,30M","-3,63%"
"29.01.2020","6,330","7,440","7,650","6,330","5,19M","-10,09%"
"28.01.2020","7,040","5,910","7,040","5,750","6,22M","19,93%"
"27.01.2020","5,870","5,310","6,160","5,240","2,77M","10,34%"
"24.01.2020","5,320","5,050","5,360","5,050","1,32M","5,98%"
"23.01.2020","5,020","5,250","5,300","5,000","1,31M","2,87%"
"22.01.2020","4,880","4,930","5,030","4,840","656,25K","-0,20%"
"21.01.2020","4,890","4,820","4,950","4,790","681,12K","0,41%"
"20.01.2020","4,870","4,980","5,000","4,830","436,86K","2,96%"
"17.01.2020","4,730","4,760","4,830","4,710","407,21K","-0,63%"
"16.01.2020","4,760","4,760","5,100","4,710","2,13M","0,85%"
"15.01.2020","4,720","4,710","4,740","4,610","464,35K","0,85%"
"14.01.2020","4,680","4,630","4,730","4,590","596,52K","0,86%"
"13.01.2020","4,640","4,550","4,710","4,550","1,08M","2,20%"
"10.01.2020","4,540","4,520","4,670","4,480","1,64M","1,79%"
"09.01.2020","4,460","4,360","4,530","4,300","813,93K","7,21%"
"08.01.2020","4,160","4,090","4,300","4,000","641,57K","-1,65%"
"07.01.2020","4,230","4,200","4,300","4,200","377,23K","2,17%"
"06.01.2020","4,140","4,300","4,320","4,130","422,93K","-5,26%"
"03.01.2020","4,370","4,550","4,590","4,280","647,15K","-4,79%"
"02.01.2020","4,590","4,550","4,650","4,550","304,73K","1,32%"
"31.12.2019","4,530","4,450","4,650","4,450","697,22K","1,57%"
"30.12.2019","4,460","4,530","4,570","4,440","562,45K","-1,33%"
"27.12.2019","4,520","4,650","4,710","4,480","860,84K","-2,38%"
"26.12.2019","4,630","4,530","4,900","4,530","2,85M","2,89%"
"25.12.2019","4,500","4,350","4,500","4,350","785,06K","3,21%"
"24.12.2019","4,360","4,350","4,500","4,310","1,39M","1,16%"
"23.12.2019","4,310","4,350","4,410","4,310","334,29K","-0,46%"
"20.12.2019","4,330","4,360","4,450","4,310","563,59K","-0,69%"
"19.12.2019","4,360","4,340","4,460","4,340","563,46K","-0,23%"
"18.12.2019","4,370","4,410","4,520","4,320","921,91K","-0,91%"
"17.12.2019","4,410","4,430","4,580","4,400","1,15M","0,46%"
"16.12.2019","4,390","4,500","4,570","4,360","1,25M","-1,35%"
"13.12.2019","4,450","5,000","5,390","4,440","9,76M","-9,18%"
"12.12.2019","4,900","4,140","4,900","4,140","14,42M","19,80%"
"11.12.2019","4,090","4,010","4,270","4,000","3,05M","1,49%"
"10.12.2019","4,030","4,080","4,100","4,000","329,62K","-0,74%"
"09.12.2019","4,060","4,030","4,070","4,000","274,05K","0,74%"
"06.12.2019","4,030","4,080","4,150","4,020","676,69K","-1,23%"
"05.12.2019","4,080","4,080","4,150","4,060","400,34K","0,00%"
"04.12.2019","4,080","4,130","4,170","4,080","844,31K","0,00%"
"03.12.2019","4,080","3,980","4,130","3,950","1,20M","2,77%"
"02.12.2019","3,970","3,960","4,010","3,940","364,28K","0,76%"
"29.11.2019","3,940","3,970","4,010","3,930","406,34K","0,00%"
"28.11.2019","3,940","3,820","4,070","3,820","1,77M","3,14%"
"27.11.2019","3,820","3,900","3,900","3,820","308,41K","-1,80%"
"26.11.2019","3,890","3,880","3,940","3,830","307,43K","0,26%"
"25.11.2019","3,880","3,960","3,990","3,840","420,01K","-2,02%"
"22.11.2019","3,960","3,930","4,100","3,870","864,94K","0,76%"
"21.11.2019","3,930","3,980","3,990","3,920","670,11K","0,77%"
"20.11.2019","3,900","3,750","3,960","3,720","1,77M","4,00%"
"19.11.2019","3,750","4,050","4,350","3,710","5,01M","-5,78%"
"18.11.2019","3,980","3,840","4,140","3,720","2,71M","4,46%"
"15.11.2019","3,810","3,470","3,810","3,430","3,67M","10,12%"
"14.11.2019","3,460","3,390","3,600","3,340","2,30M","2,37%"
"13.11.2019","3,380","3,390","3,720","3,330","6,74M","-0,29%"
"12.11.2019","3,390","3,060","3,550","3,020","13,45M","14,53%"
"11.11.2019","2,960","2,940","2,990","2,930","820,60K","0,68%"
"08.11.2019","2,940","2,930","3,000","2,920","619,64K","0,34%"
"07.11.2019","2,930","2,940","2,980","2,920","885,58K","0,34%"
"06.11.2019","2,920","2,910","3,010","2,860","2,90M","1,04%"
"05.11.2019","2,890","2,910","2,960","2,890","706,44K","-0,34%"
"04.11.2019","2,900","2,900","2,930","2,890","248,55K","0,35%"
"01.11.2019","2,890","2,910","2,950","2,870","577,69K","-1,03%"
"31.10.2019","2,920","2,920","3,080","2,900","2,62M","0,34%"
"30.10.2019","2,910","2,870","3,020","2,840","1,59M","0,34%"
"28.10.2019","2,900","2,910","2,920","2,880","191,19K","0,00%"
"25.10.2019","2,900","2,900","2,930","2,870","522,88K","0,35%"
"24.10.2019","2,890","2,910","2,990","2,860","3,17M","-0,34%"
"23.10.2019","2,900","3,070","3,120","2,880","8,22M","-5,84%"
"22.10.2019","3,080","2,630","3,150","2,620","22,65M","17,11%"
"21.10.2019","2,630","2,680","2,680","2,620","426,04K","-1,13%"
"18.10.2019","2,660","2,710","2,720","2,640","848,59K","1,92%"
"17.10.2019","2,610","2,610","2,690","2,560","4,06M","0,77%"
"16.10.2019","2,590","2,500","2,680","2,450","1,91M","2,37%"
"15.10.2019","2,530","2,510","2,570","2,440","846,93K","4,12%"
"14.10.2019","2,430","2,550","2,570","2,390","495,31K","-5,81%"
"11.10.2019","2,580","2,610","2,640","2,570","708,31K","-0,39%"
"10.10.2019","2,590","2,720","2,740","2,550","1,17M","-4,07%"
"09.10.2019","2,700","2,810","2,890","2,700","1,62M","-3,57%"
"08.10.2019","2,800","2,890","2,900","2,690","1,28M","-3,45%"
"07.10.2019","2,900","2,860","3,140","2,860","6,57M","4,32%"
"04.10.2019","2,780","2,790","2,900","2,750","1,70M","0,00%"
"03.10.2019","2,780","2,910","3,000","2,770","2,96M","-4,47%"
"02.10.2019","2,910","2,680","3,190","2,650","14,57M","8,99%"
"01.10.2019","2,670","2,750","2,770","2,650","1,42M","-2,91%"
"30.09.2019","2,750","2,640","2,820","2,630","3,75M","4,56%"
"27.09.2019","2,630","2,590","2,640","2,590","278,23K","1,54%"
"26.09.2019","2,590","2,630","2,670","2,590","478,92K","-1,52%"
"25.09.2019","2,630","2,600","2,670","2,590","662,86K","1,15%"
"24.09.2019","2,600","2,620","2,630","2,550","826,06K","0,39%"
"23.09.2019","2,590","2,620","2,750","2,580","2,67M","1,97%"
"20.09.2019","2,540","2,550","2,570","2,520","514,02K","0,00%"
"19.09.2019","2,540","2,570","2,610","2,530","839,73K","-1,17%"
"18.09.2019","2,570","2,540","2,580","2,520","454,14K","0,78%"
"17.09.2019","2,550","2,590","2,590","2,500","802,28K","-1,16%"
"16.09.2019","2,580","2,600","2,660","2,580","787,84K","-1,53%"
"13.09.2019","2,620","2,700","2,730","2,620","2,83M","0,77%"
"12.09.2019","2,600","2,530","2,740","2,520","8,26M","3,17%"
"11.09.2019","2,520","2,520","2,570","2,510","498,91K","0,40%"
"10.09.2019","2,510","2,530","2,540","2,510","408,29K","-0,40%"
"09.09.2019","2,520","2,470","2,550","2,470","631,61K","2,02%"
"06.09.2019","2,470","2,550","2,560","2,470","589,05K","-1,98%"
"05.09.2019","2,520","2,620","2,630","2,510","1,33M","-3,82%"
"04.09.2019","2,620","2,540","2,710","2,540","3,40M","3,56%"
"03.09.2019","2,530","2,510","2,560","2,480","525,45K","1,20%"
"02.09.2019","2,500","2,490","2,540","2,480","697,70K","1,21%"
"29.08.2019","2,470","2,490","2,520","2,450","1,12M","0,41%"
"28.08.2019","2,460","2,540","2,700","2,460","5,79M","-0,40%"
"27.08.2019","2,470","2,340","2,680","2,320","3,97M","6,01%"
"26.08.2019","2,330","2,280","2,400","2,280","1,82M","0,87%"
"23.08.2019","2,310","2,270","2,370","2,270","1,67M","2,67%"
"22.08.2019","2,250","2,230","2,270","2,220","461,62K","0,45%"
"21.08.2019","2,240","2,260","2,270","2,220","187,24K","-0,88%"
"20.08.2019","2,260","2,220","2,280","2,220","308,81K","1,35%"
"19.08.2019","2,230","2,220","2,250","2,200","323,69K","1,36%"
"16.08.2019","2,200","2,210","2,230","2,190","198,35K","0,00%"
"15.08.2019","2,200","2,240","2,250","2,150","165,34K","-2,22%"
"09.08.2019","2,250","2,270","2,280","2,250","196,91K","-0,44%"
"08.08.2019","2,260","2,260","2,290","2,260","304,38K","0,00%"
"07.08.2019","2,260","2,330","2,340","2,250","772,39K","-2,59%"
"06.08.2019","2,320","2,320","2,350","2,280","715,62K","0,00%"
"05.08.2019","2,320","2,260","2,380","2,240","1,47M","2,65%"
"02.08.2019","2,260","2,290","2,310","2,250","749,53K","-1,31%"
"01.08.2019","2,290","2,290","2,350","2,260","1,23M","-0,87%"
"31.07.2019","2,310","2,320","2,610","2,280","8,07M","-0,43%"
"30.07.2019","2,320","2,320","2,360","2,300","1,16M","0,00%"
"29.07.2019","2,320","2,260","2,340","2,250","1,11M","3,11%"
"26.07.2019","2,250","2,260","2,270","2,240","237,32K","0,00%"
"25.07.2019","2,250","2,310","2,310","2,220","504,76K","-1,75%"
"24.07.2019","2,290","2,270","2,300","2,250","585,70K","1,33%"
"23.07.2019","2,260","2,230","2,340","2,230","1,76M","1,80%"
"22.07.2019","2,220","2,250","2,280","2,220","890,29K","-0,89%"
"19.07.2019","2,240","2,230","2,250","2,200","531,80K","0,90%"
"18.07.2019","2,220","2,200","2,230","2,190","281,05K","0,91%"
"17.07.2019","2,200","2,190","2,220","2,190","318,68K","0,46%"
"16.07.2019","2,190","2,230","2,230","2,180","597,69K","-0,45%"
"12.07.2019","2,200","2,240","2,370","2,200","3,57M","-0,90%"
"11.07.2019","2,220","2,210","2,290","2,180","1,51M","1,37%"
"10.07.2019","2,190","2,190","2,230","2,110","462,41K","0,92%"
"09.07.2019","2,170","2,260","2,270","2,030","305,74K","-3,98%"
"08.07.2019","2,260","2,240","2,290","2,230","221,51K","0,00%"
"05.07.2019","2,260","2,260","2,300","2,260","280,20K","0,00%"
"04.07.2019","2,260","2,300","2,300","2,250","396,78K","-0,88%"
"03.07.2019","2,280","2,310","2,320","2,280","308,72K","-0,87%"
"02.07.2019","2,300","2,350","2,360","2,290","690,06K","-1,71%"
"01.07.2019","2,340","2,280","2,370","2,270","1,67M","3,54%"
"28.06.2019","2,260","2,290","2,300","2,250","735,98K","-0,88%"
"27.06.2019","2,280","2,300","2,330","2,280","645,15K","-0,44%"
"26.06.2019","2,290","2,310","2,370","2,280","1,30M","-0,43%"
"25.06.2019","2,300","2,380","2,410","2,280","2,09M","-3,36%"
"24.06.2019","2,380","3,000","3,120","2,380","3,77M","-19,87%"
"21.06.2019","2,970","2,930","3,180","2,860","553,27K","2,41%"
"20.06.2019","2,900","2,900","2,970","2,870","105,35K","0,35%"
"19.06.2019","2,890","2,890","2,930","2,870","66,88K","0,00%"
"18.06.2019","2,890","2,870","2,950","2,870","94,72K","0,70%"
"17.06.2019","2,870","2,820","2,880","2,820","76,17K","1,06%"
"14.06.2019","2,840","2,780","2,910","2,780","184,17K","2,16%"
"13.06.2019","2,780","2,850","2,850","2,760","31,76K","-1,07%"
"12.06.2019","2,810","2,840","2,870","2,780","110,96K","0,00%"
"11.06.2019","2,810","2,860","2,880","2,790","114,45K","-1,40%"
"10.06.2019","2,850","2,880","2,890","2,780","78,83K","-1,04%"
"07.06.2019","2,880","2,830","2,900","2,820","88,81K","2,13%"
"03.06.2019","2,820","2,820","2,870","2,780","88,96K","0,71%"
"31.05.2019","2,800","2,690","2,810","2,680","390,49K","4,48%"
"30.05.2019","2,680","2,650","2,700","2,600","231,84K","1,52%"
"29.05.2019","2,640","2,610","2,700","2,580","257,16K","1,54%"
"28.05.2019","2,600","2,590","2,640","2,540","83,92K","0,78%"
"27.05.2019","2,580","2,550","2,650","2,550","118,69K","1,57%"
"24.05.2019","2,540","2,590","2,600","2,540","113,94K","-1,55%"
"23.05.2019","2,580","2,540","2,590","2,530","35,80K","1,57%"
"22.05.2019","2,540","2,570","2,640","2,540","188,10K","-0,39%"
"21.05.2019","2,550","2,590","2,740","2,510","417,53K","-1,92%"
"20.05.2019","2,600","2,560","2,640","2,560","42,27K","1,56%"
"17.05.2019","2,560","2,570","2,650","2,530","88,24K","-0,39%"
"16.05.2019","2,570","2,520","2,660","2,520","144,63K","0,78%"
"15.05.2019","2,550","2,560","2,710","2,440","344,18K","0,39%"
"14.05.2019","2,540","2,580","2,700","2,490","566,63K","-3,05%"
"13.05.2019","2,620","2,570","2,860","2,500","3,23M","1,16%"
"10.05.2019","2,590","2,430","2,620","2,380","746,40K","6,58%"
"09.05.2019","2,430","2,530","2,590","2,430","456,73K","-4,33%"
"08.05.2019","2,540","2,700","2,720","2,540","1,43M","-5,93%"
"07.05.2019","2,700","2,430","2,910","2,390","6,88M","9,76%"
"06.05.2019","2,460","2,570","2,620","2,420","1,53M","-6,46%"
"03.05.2019","2,630","2,300","2,740","2,270","7,91M","14,85%"
"02.05.2019","2,290","2,330","2,340","2,280","80,92K","-0,87%"
"30.04.2019","2,310","2,300","2,350","2,270","249,67K","1,76%"
"29.04.2019","2,270","2,300","2,300","2,260","51,76K","-0,87%"
"26.04.2019","2,290","2,300","2,300","2,280","95,74K","0,44%"
"25.04.2019","2,280","2,320","2,350","2,260","109,31K","-1,72%"
"24.04.2019","2,320","2,340","2,350","2,300","85,22K","-0,85%"
"22.04.2019","2,340","2,350","2,380","2,330","19,53K","-0,43%"
"19.04.2019","2,350","2,380","2,380","2,330","43,27K","-0,42%"
"18.04.2019","2,360","2,400","2,400","2,320","228,88K","-0,84%"
"17.04.2019","2,380","2,390","2,440","2,360","210,00K","0,42%"
"16.04.2019","2,370","2,400","2,420","2,350","121,97K","-0,84%"
"15.04.2019","2,390","2,340","2,480","2,340","727,59K","2,58%"
"12.04.2019","2,330","2,320","2,340","2,280","86,80K","0,87%"
"11.04.2019","2,310","2,290","2,370","2,270","140,90K","0,00%"
"10.04.2019","2,310","2,340","2,370","2,290","61,82K","-1,28%"
"09.04.2019","2,340","2,380","2,390","2,310","178,22K","-0,43%"
"08.04.2019","2,350","2,300","2,380","2,230","373,38K","3,52%"
"05.04.2019","2,270","2,330","2,350","2,270","200,54K","-1,73%"
"04.04.2019","2,310","2,210","2,420","2,200","1,42M","5,00%"
"03.04.2019","2,200","2,220","2,240","2,200","181,01K","0,00%"
"02.04.2019","2,200","2,180","2,270","2,170","396,35K","1,38%"
"01.04.2019","2,170","2,160","2,200","2,090","278,36K","0,93%"
"29.03.2019","2,150","2,130","2,170","2,110","277,37K","1,42%"
"28.03.2019","2,120","2,120","2,160","2,080","431,56K","0,00%"
"27.03.2019","2,120","2,090","2,240","2,060","3,31M","2,42%"
"26.03.2019","2,070","2,120","2,150","2,060","1,17M","-1,90%"
"25.03.2019","2,110","2,280","2,310","2,060","1,58M","-5,80%"
"22.03.2019","2,240","2,440","2,470","2,240","4,92M","-5,88%"
"21.03.2019","2,380","2,220","2,480","2,190","24,46M","7,69%"
"20.03.2019","2,210","2,190","2,270","2,180","2,35M","1,84%"
"19.03.2019","2,170","2,220","2,250","2,160","738,56K","-2,25%"
"18.03.2019","2,220","2,230","2,240","2,180","2,23M","1,83%"
"15.03.2019","2,180","2,150","2,180","2,140","268,07K","1,40%"
"14.03.2019","2,150","2,140","2,160","2,130","219,60K","0,47%"
"13.03.2019","2,140","2,150","2,170","2,140","181,39K","0,00%"
"12.03.2019","2,140","2,140","2,180","2,120","287,82K","0,47%"
"11.03.2019","2,130","2,160","2,180","2,130","123,04K","-0,47%"
"08.03.2019","2,140","2,180","2,180","2,130","281,91K","-1,38%"
"07.03.2019","2,170","2,180","2,200","2,160","479,63K","0,00%"
"06.03.2019","2,170","2,170","2,210","2,160","470,16K","0,46%"
"05.03.2019","2,160","2,160","2,180","2,150","280,58K","0,00%"
"04.03.2019","2,160","2,140","2,180","2,140","321,61K","0,93%"
"01.03.2019","2,140","2,150","2,170","2,130","328,93K","-0,47%"
"28.02.2019","2,150","2,120","2,160","2,120","273,43K","1,42%"
"27.02.2019","2,120","2,160","2,170","2,120","337,80K","-1,40%"
"26.02.2019","2,150","2,160","2,180","2,150","323,71K","-0,46%"
"25.02.2019","2,160","2,160","2,190","2,150","494,02K","0,93%"
"22.02.2019","2,140","2,160","2,170","2,130","477,22K","-0,47%"
"21.02.2019","2,150","2,180","2,230","2,150","2,29M","-1,38%"
"20.02.2019","2,180","2,290","2,370","2,180","1,75M","-4,39%"
"19.02.2019","2,280","2,220","2,330","2,170","1,11M","1,79%"
"18.02.2019","2,240","2,130","2,400","2,110","3,70M","5,66%"
"15.02.2019","2,120","2,120","2,140","2,110","251,24K","0,00%"
"14.02.2019","2,120","2,130","2,160","2,080","607,21K","-0,47%"
"13.02.2019","2,130","2,200","2,210","2,120","844,49K","-2,29%"
"12.02.2019","2,180","2,190","2,350","2,180","4,29M","-0,46%"
"11.02.2019","2,190","2,200","2,210","2,180","382,65K","0,00%"
"08.02.2019","2,190","2,220","2,280","2,180","1,21M","-1,35%"
"07.02.2019","2,220","2,140","2,260","2,120","1,94M","3,74%"
"06.02.2019","2,140","2,310","2,310","2,120","4,04M","-6,96%"
"05.02.2019","2,300","2,170","2,490","2,150","11,74M","6,48%"
"04.02.2019","2,160","2,180","2,280","2,160","1,46M","-0,46%"
"01.02.2019","2,170","2,170","2,190","2,140","244,32K","0,00%"
"31.01.2019","2,170","2,200","2,200","2,160","192,47K","-0,46%"
"30.01.2019","2,180","2,190","2,210","2,180","169,66K","-0,46%"
"29.01.2019","2,190","2,210","2,220","2,190","244,14K","-0,90%"
"28.01.2019","2,210","2,210","2,220","2,210","142,41K","0,00%"
"25.01.2019","2,210","2,210","2,240","2,210","413,36K","0,00%"
"24.01.2019","2,210","2,210","2,250","2,210","896,22K","0,00%"
"23.01.2019","2,210","2,200","2,210","2,200","127,94K","0,91%"
"22.01.2019","2,190","2,200","2,200","2,190","111,08K","0,00%"
"21.01.2019","2,190","2,200","2,210","2,190","595,46K","0,00%"
"18.01.2019","2,190","2,190","2,200","2,180","331,56K","0,00%"
"17.01.2019","2,190","2,190","2,200","2,180","313,31K","0,46%"
"16.01.2019","2,180","2,190","2,190","2,180","195,53K","0,00%"
"15.01.2019","2,180","2,180","2,200","2,170","454,05K","0,00%"
"14.01.2019","2,180","2,180","2,190","2,170","278,41K","0,00%"
"11.01.2019","2,180","2,160","2,200","2,160","574,62K","1,40%"
"10.01.2019","2,150","2,160","2,170","2,150","190,85K","0,00%"
"09.01.2019","2,150","2,150","2,170","2,140","639,00K","0,47%"
"08.01.2019","2,140","2,100","2,150","2,070","779,32K","1,90%"
"07.01.2019","2,100","2,090","2,120","2,090","248,29K","0,48%"
"04.01.2019","2,090","2,080","2,090","2,070","121,99K","0,48%"
"03.01.2019","2,080","2,120","2,130","2,060","427,27K","-1,42%"
"02.01.2019","2,110","2,120","2,130","2,100","136,54K","0,00%"
"31.12.2018","2,110","2,110","2,120","2,090","173,33K","-0,47%"
"28.12.2018","2,120","2,140","2,140","2,110","155,75K","-0,47%"
"27.12.2018","2,130","2,160","2,170","2,120","458,01K","-0,93%"
"26.12.2018","2,150","2,230","2,250","2,150","656,15K","-3,15%"
"25.12.2018","2,220","2,320","2,440","2,220","2,57M","-2,20%"
"24.12.2018","2,270","2,250","2,320","2,240","460,59K","1,79%"
"21.12.2018","2,230","2,300","2,300","2,220","303,32K","-2,62%"
"20.12.2018","2,290","2,300","2,380","2,270","728,85K","-0,43%"
"19.12.2018","2,300","2,210","2,320","2,180","1,05M","5,02%"
"18.12.2018","2,190","2,330","2,340","2,100","680,63K","-5,60%"
"17.12.2018","2,320","2,310","2,400","2,250","1,50M","0,87%"
"14.12.2018","2,300","2,220","2,370","2,190","1,63M","4,07%"
"13.12.2018","2,210","2,090","2,240","2,060","1,04M","6,76%"
"12.12.2018","2,070","2,180","2,200","2,000","490,75K","-5,48%"
"11.12.2018","2,190","2,220","2,240","2,140","539,56K","-1,35%"
"10.12.2018","2,220","2,280","2,280","2,210","400,28K","-2,20%"
"07.12.2018","2,270","2,280","2,340","2,240","965,56K","1,79%"
"06.12.2018","2,230","2,250","2,290","2,210","824,56K","0,45%"
"05.12.2018","2,220","2,190","2,290","2,150","513,75K","1,37%"
"04.12.2018","2,190","2,220","2,290","2,150","403,36K","-1,35%"
"03.12.2018","2,220","2,240","2,280","2,210","645,88K","0,45%"
"30.11.2018","2,210","2,120","2,300","2,090","2,20M","4,74%"
"29.11.2018","2,110","2,200","2,200","2,090","594,80K","-2,76%"
"28.11.2018","2,170","2,350","2,360","2,120","2,97M","-4,41%"
"27.11.2018","2,270","2,010","2,400","2,000","4,45M","13,50%"
"26.11.2018","2,000","1,960","2,010","1,940","774,61K","3,09%"
"23.11.2018","1,940","1,970","1,990","1,940","208,95K","-1,02%"
"22.11.2018","1,960","1,940","2,030","1,940","769,83K","1,03%"
"21.11.2018","1,940","1,980","1,980","1,920","223,89K","0,00%"
"20.11.2018","1,940","1,990","2,020","1,940","286,15K","-2,51%"
"19.11.2018","1,990","1,980","2,050","1,960","578,77K","2,05%"
"16.11.2018","1,950","1,960","1,980","1,920","259,33K","0,00%"
"15.11.2018","1,950","1,910","1,990","1,900","691,94K","2,09%"
"14.11.2018","1,910","1,920","1,950","1,890","243,44K","-0,52%"
"13.11.2018","1,920","1,870","1,980","1,850","567,72K","2,67%"
"12.11.2018","1,870","1,880","1,920","1,840","369,42K","-0,53%"
"09.11.2018","1,880","1,930","1,970","1,880","461,69K","-6,00%"
"08.11.2018","2,000","2,120","2,130","1,990","669,23K","-5,66%"
"07.11.2018","2,120","2,180","2,240","2,110","1,61M","-2,30%"
"06.11.2018","2,170","2,200","2,260","2,150","830,93K","-0,91%"
"05.11.2018","2,190","2,230","2,300","2,160","1,36M","-1,35%"
"02.11.2018","2,220","2,290","2,330","2,220","1,77M","-2,63%"
"01.11.2018","2,280","2,410","2,480","2,280","1,41M","-5,39%"
"31.10.2018","2,410","3,010","3,010","2,410","2,22M","-19,93%"
"30.10.2018","3,010","2,990","3,040","2,830","621,31K","0,00%"
"26.10.2018","3,010","3,010","3,120","2,870","616,61K","0,33%"
"25.10.2018","3,000","2,910","3,000","2,780","360,51K","2,39%"
"24.10.2018","2,930","2,900","3,010","2,880","1,16M","0,34%"
"23.10.2018","2,920","2,820","3,020","2,730","1,94M","2,82%"
"22.10.2018","2,840","2,790","2,840","2,660","829,18K","2,90%"
"19.10.2018","2,760","2,620","2,790","2,540","983,26K","6,15%"
"18.10.2018","2,600","2,420","2,640","2,420","2,69M","6,12%"
"17.10.2018","2,450","2,290","2,470","2,240","2,56M","8,41%"
"16.10.2018","2,260","2,140","2,400","2,140","2,23M","4,63%"
"15.10.2018","2,160","2,150","2,190","2,130","266,15K","1,41%"
"12.10.2018","2,130","2,100","2,140","1,980","337,20K","2,90%"
"11.10.2018","2,070","2,120","2,200","2,040","310,83K","-3,72%"
"10.10.2018","2,150","2,140","2,240","2,120","581,13K","0,94%"
"09.10.2018","2,130","2,110","2,180","2,110","217,81K","0,00%"
"08.10.2018","2,130","2,090","2,140","2,090","178,89K","1,43%"
"05.10.2018","2,100","2,090","2,150","2,010","340,53K","0,96%"
"04.10.2018","2,080","2,240","2,240","2,050","219,62K","-6,73%"
"03.10.2018","2,230","2,250","2,260","2,220","338,15K","-0,89%"
"02.10.2018","2,250","2,270","2,280","2,230","509,22K","-0,88%"
"01.10.2018","2,270","2,260","2,320","2,230","703,26K","2,25%"
"28.09.2018","2,220","2,250","2,260","2,210","633,17K","-0,45%"
"27.09.2018","2,230","2,170","2,250","2,150","660,88K","2,29%"
"26.09.2018","2,180","2,220","2,270","2,180","309,11K","-2,24%"
"25.09.2018","2,230","2,350","2,350","2,220","828,09K","-3,04%"
"24.09.2018","2,300","2,340","2,430","2,300","860,44K","-0,43%"
"21.09.2018","2,310","2,300","2,450","2,280","1,43M","1,32%"
"20.09.2018","2,280","2,280","2,300","2,230","739,98K","0,44%"
"19.09.2018","2,270","2,210","2,280","2,200","1,29M","3,18%"
"18.09.2018","2,200","2,240","2,290","2,180","398,08K","-1,79%"
"17.09.2018","2,240","2,210","2,250","2,150","280,31K","2,28%"
"14.09.2018","2,190","2,180","2,250","2,130","255,93K","1,39%"
"13.09.2018","2,160","2,190","2,190","2,080","305,30K","-0,46%"
"12.09.2018","2,170","2,100","2,290","2,030","2,70M","4,33%"
"11.09.2018","2,080","2,090","2,090","2,040","89,98K","1,96%"
"10.09.2018","2,040","2,100","2,140","2,040","75,90K","-2,86%"
"07.09.2018","2,100","2,110","2,140","2,080","247,65K","-0,94%"
"06.09.2018","2,120","2,130","2,180","2,090","280,92K","0,00%"
"05.09.2018","2,120","2,130","2,160","2,060","417,04K","0,95%"
"04.09.2018","2,100","2,170","2,200","2,070","261,91K","-2,78%"
"03.09.2018","2,160","2,000","2,290","2,000","1,27M","7,46%"
"31.08.2018","2,010","1,970","2,010","1,920","304,58K","2,03%"
"29.08.2018","1,970","1,990","2,010","1,930","383,45K","-0,51%"
"28.08.2018","1,980","1,950","1,980","1,920","171,27K","1,54%"
"27.08.2018","1,950","1,910","1,950","1,860","147,37K","2,09%"
"20.08.2018","1,910","1,900","1,940","1,840","66,98K","1,60%"
"17.08.2018","1,880","1,930","1,930","1,790","277,21K","-0,53%"
"16.08.2018","1,890","1,930","1,940","1,860","425,23K","0,00%"
"15.08.2018","1,890","2,000","2,050","1,880","131,23K","-5,50%"
"14.08.2018","2,000","1,940","2,030","1,940","192,37K","4,71%"
"13.08.2018","1,910","2,100","2,100","1,820","256,66K","-10,33%"
"10.08.2018","2,130","2,300","2,310","2,000","789,98K","-8,97%"
"09.08.2018","2,340","2,320","2,370","2,300","292,11K","0,43%"
"08.08.2018","2,330","2,330","2,350","2,310","194,50K","0,00%"
"07.08.2018","2,330","2,320","2,420","2,300","354,28K","0,43%"
"06.08.2018","2,320","2,360","2,390","2,290","158,74K","-1,69%"
"03.08.2018","2,360","2,320","2,400","2,320","150,32K","1,72%"
"02.08.2018","2,320","2,370","2,380","2,310","173,16K","-4,92%"
"01.08.2018","2,440","2,410","2,450","2,400","238,55K","1,24%"
"31.07.2018","2,410","2,430","2,470","2,400","260,92K","-0,82%"
"30.07.2018","2,430","2,450","2,460","2,410","188,15K","-0,41%"
"27.07.2018","2,440","2,480","2,510","2,420","207,03K","-0,81%"
"26.07.2018","2,460","2,500","2,630","2,450","604,78K","-0,81%"
"25.07.2018","2,480","2,430","2,540","2,430","176,99K","2,06%"
"24.07.2018","2,430","2,570","2,570","2,420","276,32K","-4,71%"
"23.07.2018","2,550","2,530","2,570","2,510","251,71K","1,59%"
"20.07.2018","2,510","2,460","2,530","2,460","214,02K","2,45%"
"19.07.2018","2,450","2,430","2,520","2,400","466,51K","1,66%"
"18.07.2018","2,410","2,460","2,490","2,400","225,42K","-1,63%"
"17.07.2018","2,450","2,450","2,510","2,390","648,03K","0,00%"
"16.07.2018","2,450","2,650","2,650","2,450","398,44K","-5,77%"
"13.07.2018","2,600","2,560","2,670","2,560","132,46K","-0,38%"
"12.07.2018","2,610","2,500","2,640","2,400","670,45K","1,95%"
"11.07.2018","2,560","2,820","2,820","2,550","208,26K","-9,54%"
"10.07.2018","2,830","2,900","2,950","2,830","234,45K","-4,39%"
"09.07.2018","2,960","3,010","3,010","2,950","175,76K","-1,00%"
"06.07.2018","2,990","3,020","3,020","2,970","272,61K","-0,66%"
"05.07.2018","3,010","3,000","3,060","2,980","450,18K","0,33%"
"04.07.2018","3,000","2,980","3,010","2,970","111,13K","0,67%"
"03.07.2018","2,980","3,030","3,030","2,980","185,93K","-1,32%"
"02.07.2018","3,020","3,050","3,070","3,010","177,60K","-0,33%"
"29.06.2018","3,030","3,010","3,060","3,000","265,77K","0,66%"
"28.06.2018","3,010","2,990","3,080","2,960","517,76K","1,01%"
"27.06.2018","2,980","2,920","2,990","2,910","319,96K","2,05%"
"26.06.2018","2,920","2,930","2,970","2,900","173,06K","-0,34%"
"25.06.2018","2,930","2,980","3,090","2,910","560,77K","1,74%"
"22.06.2018","2,880","2,930","2,950","2,860","404,69K","-1,71%"
"21.06.2018","2,930","2,910","2,940","2,860","264,80K","2,09%"
"20.06.2018","2,870","2,880","2,920","2,790","449,39K","0,00%"
"19.06.2018","2,870","2,730","2,910","2,720","494,03K","3,24%"
"18.06.2018","2,780","2,770","2,780","2,660","385,28K","1,09%"
"14.06.2018","2,750","2,730","2,810","2,650","210,88K","1,48%"
"13.06.2018","2,710","2,780","2,800","2,710","200,36K","-4,24%"
"12.06.2018","2,830","2,870","2,940","2,830","221,79K","-3,08%"
"11.06.2018","2,920","3,130","3,130","2,850","914,97K","-4,26%"
"08.06.2018","3,050","2,970","3,060","2,920","590,97K","2,35%"
"07.06.2018","2,980","3,020","3,020","2,890","480,46K","0,34%"
"06.06.2018","2,970","2,950","2,990","2,820","505,56K","1,37%"
"05.06.2018","2,930","2,970","3,080","2,880","3,46M","3,53%"
"04.06.2018","2,830","2,850","2,910","2,810","315,60K","0,35%"
"01.06.2018","2,820","2,740","2,970","2,670","1,17M","2,92%"
"31.05.2018","2,740","2,790","2,800","2,720","97,43K","-0,72%"
"30.05.2018","2,760","2,800","2,820","2,760","125,05K","-1,08%"
"29.05.2018","2,790","2,850","2,850","2,790","104,60K","-1,76%"
"28.05.2018","2,840","2,810","2,870","2,810","137,20K","1,43%"
"25.05.2018","2,800","2,750","2,800","2,740","69,19K","2,56%"
"24.05.2018","2,730","2,840","2,890","2,700","318,97K","-2,15%"
"23.05.2018","2,790","2,850","2,860","2,760","185,95K","-2,79%"
"22.05.2018","2,870","2,860","2,940","2,840","282,75K","-0,35%"
"21.05.2018","2,880","2,910","2,940","2,850","160,61K","-1,37%"
"18.05.2018","2,920","2,910","2,960","2,880","160,83K","-0,34%"
"17.05.2018","2,930","3,000","3,010","2,930","280,66K","-0,68%"
"16.05.2018","2,950","2,970","3,000","2,930","249,59K","0,00%"
"15.05.2018","2,950","2,940","3,030","2,930","309,72K","0,68%"
"14.05.2018","2,930","2,930","3,040","2,860","476,50K","0,00%"
"11.05.2018","2,930","2,900","2,950","2,810","474,38K","2,81%"
"10.05.2018","2,850","2,850","2,910","2,770","405,27K","0,00%"
"09.05.2018","2,850","2,750","2,910","2,680","618,98K","1,42%"
"08.05.2018","2,810","2,880","2,950","2,660","492,75K","-2,43%"
"07.05.2018","2,880","2,950","2,950","2,700","153,86K","-2,37%"
"04.05.2018","2,950","2,970","3,010","2,890","358,10K","0,00%"
"03.05.2018","2,950","3,000","3,020","2,910","380,17K","0,00%"
"02.05.2018","2,950","2,970","3,050","2,870","314,63K","-1,01%"
"30.04.2018","2,980","3,070","3,120","2,800","292,14K","-2,93%"
"27.04.2018","3,070","3,040","3,110","2,960","732,84K","1,99%"
"26.04.2018","3,010","2,920","3,060","2,870","718,87K","4,88%"
"25.04.2018","2,870","3,020","3,020","2,870","338,65K","-4,97%"
"24.04.2018","3,020","3,040","3,060","2,910","240,09K","0,33%"
"20.04.2018","3,010","3,060","3,170","3,010","535,93K","-0,99%"
"19.04.2018","3,040","3,120","3,160","2,850","812,99K","-2,56%"
"18.04.2018","3,120","2,840","3,120","2,790","491,54K","9,47%"
"17.04.2018","2,850","2,980","3,000","2,800","327,10K","-4,04%"
"16.04.2018","2,970","2,800","2,970","2,770","281,60K","6,45%"
"13.04.2018","2,790","2,770","2,850","2,750","159,69K","1,09%"
"12.04.2018","2,760","2,730","2,790","2,690","210,94K","1,10%"
"11.04.2018","2,730","2,880","2,920","2,650","468,90K","-5,54%"
"10.04.2018","2,890","3,020","3,040","2,890","266,82K","-3,99%"
"09.04.2018","3,010","3,170","3,170","2,980","708,37K","-5,05%"
"06.04.2018","3,170","3,150","3,180","3,140","232,57K","0,63%"
"05.04.2018","3,150","3,160","3,180","3,130","199,14K","0,00%"
"04.04.2018","3,150","3,130","3,200","3,120","897,71K","0,96%"
"03.04.2018","3,120","3,140","3,150","3,110","279,92K","-0,32%"
"02.04.2018","3,130","3,120","3,200","3,110","653,41K","0,32%"
"30.03.2018","3,120","3,140","3,160","3,110","159,11K","-0,32%"
"29.03.2018","3,130","3,120","3,150","3,110","139,66K","0,32%"
"28.03.2018","3,120","3,160","3,180","3,080","277,99K","-1,58%"
"27.03.2018","3,170","3,170","3,200","3,160","436,46K","0,63%"
"26.03.2018","3,150","3,160","3,220","3,150","412,93K","0,00%"
"23.03.2018","3,150","3,150","3,170","3,130","119,22K","-0,32%"
"22.03.2018","3,160","3,200","3,230","3,160","221,14K","-0,94%"
"21.03.2018","3,190","3,200","3,220","3,190","246,34K","0,31%"
"20.03.2018","3,180","3,170","3,210","3,160","301,08K","0,95%"
"19.03.2018","3,150","3,200","3,220","3,150","186,27K","-1,25%"
"16.03.2018","3,190","3,210","3,300","3,190","808,14K","0,00%"
"15.03.2018","3,190","3,210","3,220","3,190","244,96K","-0,31%"
"14.03.2018","3,200","3,240","3,260","3,190","266,58K","-0,93%"
"13.03.2018","3,230","3,250","3,250","3,220","215,15K","-0,31%"
"12.03.2018","3,240","3,240","3,270","3,240","238,71K","0,62%"
"09.03.2018","3,220","3,200","3,340","3,190","869,81K","0,94%"
"08.03.2018","3,190","3,220","3,240","3,180","599,17K","-0,31%"
"07.03.2018","3,200","3,250","3,250","3,170","271,35K","-1,23%"
"06.03.2018","3,240","3,310","3,340","3,230","746,07K","-1,52%"
"05.03.2018","3,290","3,270","3,320","3,250","975,00K","1,54%"
"02.03.2018","3,240","3,230","3,290","3,220","1,10M","0,62%"
"01.03.2018","3,220","3,160","3,280","3,160","1,18M","1,90%"
"28.02.2018","3,160","3,140","3,230","3,140","711,79K","0,32%"
"27.02.2018","3,150","3,170","3,190","3,130","236,78K","-0,63%"
"26.02.2018","3,170","3,160","3,220","3,160","525,96K","0,32%"
"23.02.2018","3,160","3,200","3,220","3,150","388,96K","-0,94%"
"22.02.2018","3,190","3,120","3,210","3,100","1,66M","2,24%"
"21.02.2018","3,120","3,090","3,130","3,090","430,69K","1,63%"
"20.02.2018","3,070","3,090","3,150","3,060","661,75K","-0,97%"
"19.02.2018","3,100","3,140","3,160","3,080","435,77K","-0,96%"
"16.02.2018","3,130","3,150","3,180","3,130","380,36K","0,00%"
"15.02.2018","3,130","3,140","3,170","3,120","769,01K","0,32%"
"14.02.2018","3,120","3,120","3,180","3,110","224,22K","-0,32%"
"13.02.2018","3,130","3,100","3,180","3,090","1,20M","1,62%"
"12.02.2018","3,080","3,110","3,150","3,080","455,87K","0,00%"
"09.02.2018","3,080","3,040","3,080","3,010","211,90K","0,65%"
"08.02.2018","3,060","3,150","3,160","3,060","307,41K","-2,55%"
"07.02.2018","3,140","3,150","3,170","3,130","434,98K","0,32%"
"06.02.2018","3,130","3,100","3,150","3,080","397,79K","-1,88%"
"05.02.2018","3,190","3,230","3,260","3,190","354,04K","-0,93%"
"02.02.2018","3,220","3,260","3,260","3,220","318,90K","-0,62%"
"01.02.2018","3,240","3,260","3,320","3,230","1,34M","0,00%"
"31.01.2018","3,240","3,240","3,280","3,230","549,41K","0,62%"
"30.01.2018","3,220","3,210","3,260","3,210","702,98K","0,31%"
"29.01.2018","3,210","3,240","3,250","3,210","362,68K","-0,31%"
"26.01.2018","3,220","3,230","3,250","3,210","470,97K","0,00%"
"25.01.2018","3,220","3,250","3,260","3,210","489,41K","-0,62%"
"24.01.2018","3,240","3,240","3,290","3,230","924,36K","0,31%"
"23.01.2018","3,230","3,230","3,270","3,210","1,10M","0,62%"
"22.01.2018","3,210","3,230","3,250","3,190","1,18M","-0,62%"
"19.01.2018","3,230","3,470","3,550","3,230","7,06M","-6,65%"
"18.01.2018","3,460","3,240","3,680","3,240","16,28M","7,12%"
"17.01.2018","3,230","3,230","3,260","3,200","758,94K","0,62%"
"16.01.2018","3,210","3,120","3,230","3,060","823,49K","2,23%"
"15.01.2018","3,140","3,300","3,340","3,080","2,02M","-4,85%"
"12.01.2018","3,300","3,260","3,320","3,250","1,26M","1,54%"
"11.01.2018","3,250","3,230","3,270","3,230","685,17K","0,93%"
"10.01.2018","3,220","3,270","3,270","3,200","630,04K","-1,53%"
"09.01.2018","3,270","3,270","3,290","3,250","498,43K","0,31%"
"08.01.2018","3,260","3,270","3,290","3,250","654,32K","0,31%"
"05.01.2018","3,250","3,280","3,310","3,250","1,60M","-0,31%"
"04.01.2018","3,260","3,230","3,280","3,230","575,46K","0,31%"
"03.01.2018","3,250","3,250","3,330","3,210","1,51M","0,00%"
"02.01.2018","3,250","3,240","3,280","3,240","674,31K","0,31%"
"29.12.2017","3,240","3,250","3,280","3,240","508,72K","0,00%"
"28.12.2017","3,240","3,230","3,280","3,210","1,11M","0,93%"
"27.12.2017","3,210","3,320","3,340","3,210","1,82M","-4,75%"
"26.12.2017","3,370","3,500","3,690","3,350","8,55M","3,69%"
"25.12.2017","3,250","3,170","3,250","3,160","1,76M","2,85%"
"22.12.2017","3,160","3,160","3,180","3,150","336,24K","0,00%"
"21.12.2017","3,160","3,170","3,200","3,140","537,01K","-0,32%"
"20.12.2017","3,170","3,170","3,190","3,150","413,38K","0,32%"
"19.12.2017","3,160","3,180","3,210","3,160","628,41K","-0,32%"
"18.12.2017","3,170","3,160","3,220","3,150","1,53M","0,63%"
"15.12.2017","3,150","3,180","3,190","3,150","540,25K","-0,63%"
"14.12.2017","3,170","3,160","3,230","3,150","1,25M","0,63%"
"13.12.2017","3,150","3,170","3,200","3,140","709,16K","-0,32%"
"12.12.2017","3,160","3,180","3,190","3,160","518,22K","-0,32%"
"11.12.2017","3,170","3,200","3,210","3,160","740,87K","0,00%"
"08.12.2017","3,170","3,350","3,380","3,140","4,99M","-5,93%"
"07.12.2017","3,370","3,330","3,450","3,270","2,11M","0,90%"
"06.12.2017","3,340","3,120","3,490","3,100","4,16M","7,05%"
"05.12.2017","3,120","3,140","3,160","3,100","922,89K","-0,32%"
"04.12.2017","3,130","3,130","3,170","3,120","846,69K","0,32%"
"01.12.2017","3,120","3,320","3,320","3,120","2,80M","-5,17%"
"30.11.2017","3,290","3,660","3,720","3,280","4,01M","-10,35%"
"29.11.2017","3,670","3,460","3,670","3,390","3,33M","5,76%"
"28.11.2017","3,470","3,620","3,720","3,450","3,90M","-4,14%"
"27.11.2017","3,620","3,360","3,720","3,320","4,94M","7,74%"
"24.11.2017","3,360","3,480","3,520","3,360","2,86M","-2,89%"
"23.11.2017","3,460","3,390","3,780","3,380","7,70M","3,28%"
"22.11.2017","3,350","3,250","3,390","3,220","947,51K","4,04%"
"21.11.2017","3,220","3,170","3,260","3,130","723,75K","1,58%"
"20.11.2017","3,170","3,070","3,270","3,050","1,24M","3,26%"
"17.11.2017","3,070","3,040","3,100","2,840","900,09K","1,32%"
"16.11.2017","3,030","3,100","3,130","3,000","163,49K","-1,62%"
"15.11.2017","3,080","3,130","3,170","3,070","101,27K","-1,28%"
"14.11.2017","3,120","3,110","3,230","3,100","259,57K","0,65%"
"13.11.2017","3,100","3,140","3,180","3,100","163,68K","-1,27%"
"10.11.2017","3,140","3,150","3,150","3,080","236,68K","0,32%"
"09.11.2017","3,130","3,180","3,190","3,110","516,34K","0,00%"
"08.11.2017","3,130","3,090","3,250","3,090","1,06M","1,62%"
"07.11.2017","3,080","3,110","3,110","3,040","340,93K","-0,96%"
"06.11.2017","3,110","3,110","3,120","3,070","94,61K","0,97%"
"03.11.2017","3,080","3,170","3,180","3,080","206,59K","-2,53%"
"02.11.2017","3,160","3,170","3,200","3,140","174,68K","-0,32%"
"01.11.2017","3,170","3,150","3,180","3,130","194,97K","0,63%"
"31.10.2017","3,150","3,200","3,200","3,140","162,56K","-0,63%"
"30.10.2017","3,170","3,200","3,230","3,150","126,67K","0,63%"
"27.10.2017","3,150","3,170","3,180","3,140","88,02K","0,00%"
"26.10.2017","3,150","3,190","3,220","3,150","150,81K","-0,94%"
"25.10.2017","3,180","3,180","3,240","3,160","194,43K","0,00%"
"24.10.2017","3,180","3,210","3,220","3,180","121,37K","-0,62%"
"23.10.2017","3,200","3,190","3,260","3,160","358,06K","-0,62%"
"20.10.2017","3,220","3,180","3,280","3,180","629,68K","1,58%"
"19.10.2017","3,170","3,160","3,240","3,160","371,11K","0,96%"
"18.10.2017","3,140","3,160","3,210","3,130","280,39K","-0,32%"
"17.10.2017","3,150","3,050","3,190","3,030","812,24K","3,28%"
"16.10.2017","3,050","3,070","3,090","3,050","129,09K","-0,65%"
"13.10.2017","3,070","3,050","3,090","3,030","280,33K","0,99%"
"12.10.2017","3,040","3,050","3,070","3,020","181,41K","0,66%"
"11.10.2017","3,020","3,020","3,080","3,010","481,55K","0,00%"
"10.10.2017","3,020","3,020","3,070","3,010","416,95K","1,00%"
"09.10.2017","2,990","2,970","3,000","2,860","246,19K","-3,55%"
"06.10.2017","3,100","3,140","3,150","3,080","578,99K","-0,96%"
"05.10.2017","3,130","3,060","3,130","3,040","808,32K","2,29%"
"04.10.2017","3,060","3,040","3,060","3,030","169,47K","0,99%"
"03.10.2017","3,030","3,020","3,080","3,010","686,30K","0,33%"
"02.10.2017","3,020","2,940","3,030","2,930","198,26K","2,72%"
"29.09.2017","2,940","2,960","2,970","2,930","93,63K","-1,01%"
"28.09.2017","2,970","2,920","2,970","2,890","82,50K","2,06%"
"27.09.2017","2,910","2,990","2,990","2,900","114,15K","-2,68%"
"26.09.2017","2,990","2,930","3,000","2,930","76,79K","1,70%"
"25.09.2017","2,940","2,990","3,030","2,870","143,73K","-3,29%"
"22.09.2017","3,040","3,080","3,080","3,000","178,13K","-0,65%"
"21.09.2017","3,060","3,100","3,120","3,030","147,88K","-1,29%"
"20.09.2017","3,100","3,150","3,200","3,100","247,89K","-0,64%"
"19.09.2017","3,120","3,170","3,190","3,090","226,56K","-1,58%"
"18.09.2017","3,170","3,290","3,290","3,160","248,26K","-3,06%"
"15.09.2017","3,270","3,270","3,300","3,250","143,93K","0,62%"
"14.09.2017","3,250","3,300","3,310","3,240","327,37K","-1,22%"
"13.09.2017","3,290","3,280","3,350","3,270","663,62K","0,61%"
"12.09.2017","3,270","3,280","3,300","3,240","219,24K","-0,30%"
"11.09.2017","3,280","3,300","3,350","3,280","639,28K","0,31%"
"08.09.2017","3,270","3,200","3,310","3,200","970,30K","2,19%"
"07.09.2017","3,200","3,180","3,230","3,170","272,40K","0,63%"
"06.09.2017","3,180","3,190","3,220","3,160","199,03K","-0,31%"
"05.09.2017","3,190","3,190","3,250","3,170","172,36K","0,00%"
"31.08.2017","3,190","3,190","3,220","3,180","72,73K","0,00%"
"29.08.2017","3,190","3,190","3,220","3,160","224,92K","0,00%"
"28.08.2017","3,190","3,160","3,240","3,150","256,21K","0,95%"
"25.08.2017","3,160","3,160","3,220","3,120","384,95K","0,00%"
"24.08.2017","3,160","3,150","3,180","3,150","133,35K","0,32%"
"23.08.2017","3,150","3,140","3,200","3,140","220,27K","0,32%"
"22.08.2017","3,140","3,150","3,160","3,130","113,72K","-0,32%"
"21.08.2017","3,150","3,140","3,160","3,100","241,29K","0,96%"
"18.08.2017","3,120","3,090","3,130","3,070","119,17K","0,97%"
"17.08.2017","3,090","3,100","3,120","3,070","145,25K","0,00%"
"16.08.2017","3,090","3,110","3,160","3,010","286,18K","-0,32%"
"15.08.2017","3,100","3,250","3,260","3,030","418,31K","-4,91%"
"14.08.2017","3,260","3,180","3,300","3,180","532,60K","3,16%"
"11.08.2017","3,160","3,160","3,190","3,120","345,29K","-0,32%"
"10.08.2017","3,170","3,170","3,210","3,160","364,34K","0,32%"
"09.08.2017","3,160","3,220","3,220","3,150","384,32K","-1,86%"
"08.08.2017","3,220","3,270","3,270","3,220","346,42K","-1,23%"
"07.08.2017","3,260","3,280","3,300","3,240","552,00K","0,31%"
"04.08.2017","3,250","3,240","3,270","3,230","426,21K","0,62%"
"03.08.2017","3,230","3,250","3,260","3,210","461,54K","-0,62%"
"02.08.2017","3,250","3,290","3,320","3,240","728,17K","-0,61%"
"01.08.2017","3,270","3,350","3,420","3,270","1,71M","-1,80%"
"31.07.2017","3,330","3,330","3,400","3,310","1,25M","0,30%"
"28.07.2017","3,320","3,360","3,370","3,290","569,17K","-1,19%"
"27.07.2017","3,360","3,370","3,420","3,360","663,49K","0,00%"
"26.07.2017","3,360","3,480","3,520","3,350","2,66M","-3,17%"
"25.07.2017","3,470","3,800","3,950","3,450","3,58M","-6,97%"
"24.07.2017","3,730","3,350","3,820","3,330","5,57M","12,35%"
"21.07.2017","3,320","3,250","3,350","3,230","1,10M","2,47%"
"20.07.2017","3,240","3,320","3,360","3,240","1,76M","-1,52%"
"19.07.2017","3,290","3,230","3,450","3,190","3,70M","2,81%"
"18.07.2017","3,200","3,120","3,200","3,110","1,50M","2,24%"
"17.07.2017","3,130","3,110","3,150","3,110","617,02K","0,64%"
"14.07.2017","3,110","3,110","3,150","3,100","304,10K","0,00%"
"13.07.2017","3,110","3,120","3,130","3,100","204,10K","0,00%"
"12.07.2017","3,110","3,110","3,140","3,110","434,24K","-0,32%"
"11.07.2017","3,120","3,130","3,140","3,100","1,01M","0,00%"
"10.07.2017","3,120","3,050","3,140","3,050","509,12K","0,65%"
"07.07.2017","3,100","3,100","3,120","3,090","232,57K","0,00%"
"06.07.2017","3,100","3,090","3,140","3,080","466,36K","-0,32%"
"05.07.2017","3,110","3,260","3,260","3,110","788,89K","-3,72%"
"04.07.2017","3,230","3,120","3,230","3,110","1,84M","3,53%"
"03.07.2017","3,120","3,130","3,170","3,110","726,52K","0,32%"
"30.06.2017","3,110","3,040","3,190","3,030","3,59M","2,64%"
"29.06.2017","3,030","3,080","3,100","3,030","581,13K","-0,98%"
"28.06.2017","3,060","3,030","3,080","3,020","650,09K","0,99%"
"23.06.2017","3,030","3,060","3,100","3,030","944,67K","-0,66%"
"22.06.2017","3,050","3,020","3,100","3,020","1,09M","0,99%"
"21.06.2017","3,020","3,000","3,060","2,980","899,70K","0,33%"
"20.06.2017","3,010","2,980","3,070","2,970","1,80M","1,35%"
"19.06.2017","2,970","2,970","3,000","2,960","502,99K","0,00%"
"16.06.2017","2,970","2,970","3,030","2,950","629,64K","0,34%"
"15.06.2017","2,960","3,030","3,050","2,950","610,38K","-2,31%"
"14.06.2017","3,030","3,050","3,070","3,030","296,32K","-0,33%"
"13.06.2017","3,040","3,070","3,080","3,040","434,61K","-0,33%"
"12.06.2017","3,050","3,100","3,110","3,050","717,78K","-1,29%"
"09.06.2017","3,090","3,080","3,140","3,080","911,39K","0,32%"
"08.06.2017","3,080","3,080","3,120","3,080","482,65K","0,00%"
"07.06.2017","3,080","3,090","3,120","3,050","777,75K","-0,32%"
"06.06.2017","3,090","3,070","3,110","3,050","947,58K","0,98%"
"05.06.2017","3,060","3,050","3,090","3,040","600,52K","0,66%"
"02.06.2017","3,040","3,030","3,070","3,020","367,78K","0,66%"
"01.06.2017","3,020","3,060","3,080","3,010","475,72K","-0,66%"
"31.05.2017","3,040","3,150","3,160","3,040","3,02M","-2,88%"
"30.05.2017","3,130","3,200","3,200","3,120","451,79K","-1,88%"
"29.05.2017","3,190","3,190","3,260","3,170","612,46K","0,31%"
"26.05.2017","3,180","3,180","3,280","3,180","1,10M","0,32%"
"25.05.2017","3,170","3,220","3,220","3,150","595,55K","-1,25%"
"24.05.2017","3,210","3,330","3,460","3,190","2,04M","-3,60%"
"23.05.2017","3,330","3,370","3,400","3,280","830,82K","-1,19%"
"22.05.2017","3,370","3,100","3,390","3,050","3,47M","9,06%"
"18.05.2017","3,090","3,230","3,230","3,090","320,01K","-3,74%"
"17.05.2017","3,210","3,260","3,410","3,200","1,04M","0,44%"
"16.05.2017","3,196","3,261","3,275","3,196","286,79K","-1,57%"
"15.05.2017","3,247","3,146","3,275","3,146","879,06K","3,44%"
"12.05.2017","3,139","3,146","3,196","3,139","359,96K","-0,22%"
"11.05.2017","3,146","3,175","3,254","3,131","1,17M","-0,91%"
"10.05.2017","3,175","3,081","3,182","3,074","2,53M","3,52%"
"09.05.2017","3,067","3,067","3,081","3,052","162,93K","0,00%"
"08.05.2017","3,067","3,059","3,103","3,031","534,17K","0,95%"
"05.05.2017","3,038","3,038","3,059","3,031","94,60K","0,23%"
"04.05.2017","3,031","3,031","3,067","3,023","111,47K","0,00%"
"03.05.2017","3,031","3,045","3,067","3,023","98,93K","-0,92%"
"02.05.2017","3,059","3,052","3,081","3,031","117,19K","0,23%"
"28.04.2017","3,052","3,045","3,088","3,031","170,17K","0,46%"
"27.04.2017","3,038","3,110","3,110","3,038","226,42K","-1,40%"
"26.04.2017","3,081","3,016","3,081","2,987","538,52K","2,16%"
"25.04.2017","3,016","3,023","3,038","3,002","155,99K","-0,49%"
"24.04.2017","3,031","3,016","3,038","3,016","202,73K","0,97%"
"21.04.2017","3,002","3,023","3,052","2,995","313,16K","-0,69%"
"20.04.2017","3,023","3,002","3,031","3,002","158,39K","0,93%"
"19.04.2017","2,995","3,031","3,052","2,987","278,22K","-0,93%"
"18.04.2017","3,023","3,052","3,067","3,009","510,33K","-0,72%"
"17.04.2017","3,045","2,987","3,081","2,980","1,45M","3,19%"
"14.04.2017","2,951","2,966","2,980","2,951","161,11K","-0,74%"
"13.04.2017","2,973","3,023","3,038","2,973","130,54K","-1,65%"
"12.04.2017","3,023","2,995","3,023","2,980","237,77K","1,44%"
"11.04.2017","2,980","3,009","3,038","2,980","246,70K","-0,50%"
"10.04.2017","2,995","2,987","3,023","2,973","556,36K","0,74%"
"07.04.2017","2,973","2,995","3,016","2,973","368,05K","-0,73%"
"06.04.2017","2,995","2,995","3,074","2,987","727,00K","-0,47%"
"05.04.2017","3,009","2,980","3,009","2,966","361,80K","1,69%"
"04.04.2017","2,959","2,959","3,009","2,959","307,48K","0,00%"
"03.04.2017","2,959","2,966","3,031","2,951","614,67K","0,75%"
"31.03.2017","2,937","2,959","2,973","2,937","184,83K","-0,74%"
"30.03.2017","2,959","2,995","3,016","2,951","374,47K","-1,20%"
"29.03.2017","2,995","3,009","3,059","2,987","408,04K","-1,42%"
"28.03.2017","3,038","3,002","3,203","2,980","2,93M","2,43%"
"27.03.2017","2,966","3,009","3,067","2,959","1,27M","0,24%"
"24.03.2017","2,959","2,937","3,002","2,937","607,65K","0,75%"
"23.03.2017","2,937","2,951","2,959","2,930","101,75K","0,00%"
"22.03.2017","2,937","2,930","2,980","2,923","497,05K","0,00%"
"21.03.2017","2,937","2,951","2,966","2,923","302,08K","-0,47%"
"20.03.2017","2,951","2,937","2,959","2,937","57,02K","0,48%"
"17.03.2017","2,937","2,951","2,966","2,930","115,57K","-0,47%"
"16.03.2017","2,951","2,966","2,980","2,944","157,17K","0,00%"
"15.03.2017","2,951","2,937","2,966","2,937","191,17K","0,48%"
"14.03.2017","2,937","2,966","2,973","2,930","143,81K","-0,98%"
"13.03.2017","2,966","2,937","3,023","2,923","1,90M","0,99%"
"10.03.2017","2,937","2,930","2,966","2,930","178,96K","0,48%"
"09.03.2017","2,923","2,944","2,951","2,923","160,12K","-0,71%"
"08.03.2017","2,944","2,973","2,980","2,944","140,16K","-0,98%"
"07.03.2017","2,973","2,973","2,995","2,966","252,61K","0,00%"
"06.03.2017","2,973","2,980","2,987","2,966","174,32K","0,24%"
"03.03.2017","2,966","2,987","3,002","2,951","403,43K","-0,47%"
"02.03.2017","2,980","3,023","3,052","2,973","598,12K","-0,96%"
"01.03.2017","3,009","3,117","3,319","3,009","6,26M","-3,03%"
"28.02.2017","3,103","3,088","3,103","3,009","509,32K","1,17%"
"27.02.2017","3,067","3,059","3,110","3,031","558,22K","1,46%"
"24.02.2017","3,023","3,016","3,031","2,995","214,50K","0,23%"
"23.02.2017","3,016","3,023","3,045","3,009","230,73K","0,23%"
"22.02.2017","3,009","3,031","3,124","3,002","870,87K","0,23%"
"21.02.2017","3,002","2,987","3,031","2,987","358,51K","0,23%"
"20.02.2017","2,995","3,009","3,016","2,980","261,28K","-0,23%"
"17.02.2017","3,002","3,009","3,023","2,980","217,76K","-0,23%"
"16.02.2017","3,009","3,002","3,045","2,987","350,22K","1,45%"
"15.02.2017","2,966","2,995","3,009","2,944","449,24K","-0,97%"
"14.02.2017","2,995","2,995","3,009","2,973","588,70K","0,27%"
"13.02.2017","2,987","2,959","2,987","2,951","459,45K","1,46%"
"10.02.2017","2,944","2,959","2,987","2,944","600,06K","0,00%"
"09.02.2017","2,944","2,951","2,973","2,944","117,77K","-0,24%"
"08.02.2017","2,951","2,937","2,966","2,937","142,57K","0,48%"
"07.02.2017","2,937","2,930","2,980","2,915","290,21K","0,48%"
"06.02.2017","2,923","2,980","2,980","2,915","281,67K","-0,95%"
"03.02.2017","2,951","3,016","3,045","2,951","3,42M","-1,21%"
"02.02.2017","2,987","2,987","3,031","2,973","1,61M","0,23%"
"01.02.2017","2,980","2,915","3,031","2,894","2,81M","2,48%"
"31.01.2017","2,908","2,959","2,973","2,901","386,16K","-1,96%"
"30.01.2017","2,966","2,880","2,966","2,880","511,38K","2,74%"
"27.01.2017","2,887","2,901","2,908","2,880","211,65K","-0,48%"
"26.01.2017","2,901","2,915","2,915","2,880","344,81K","0,24%"
"25.01.2017","2,894","2,923","2,951","2,894","428,53K","-1,23%"
"24.01.2017","2,930","2,894","2,951","2,894","720,46K","1,00%"
"23.01.2017","2,901","2,973","2,980","2,894","663,53K","-2,19%"
"20.01.2017","2,966","3,196","3,491","2,944","3,70M","-6,99%"
"19.01.2017","3,189","3,167","3,189","3,081","419,47K","1,59%"
"18.01.2017","3,139","3,088","3,175","3,067","597,41K","1,65%"
"17.01.2017","3,088","3,031","3,095","3,016","455,47K","2,15%"
"16.01.2017","3,023","3,016","3,052","3,009","230,56K","0,47%"
"13.01.2017","3,009","3,045","3,067","3,002","264,27K","-0,95%"
"12.01.2017","3,038","3,002","3,052","2,995","319,04K","1,71%"
"11.01.2017","2,987","2,966","3,031","2,951","189,72K","0,47%"
"10.01.2017","2,973","3,023","3,038","2,973","163,38K","-1,43%"
"09.01.2017","3,016","2,973","3,059","2,973","259,42K","0,00%"
"06.01.2017","3,016","2,951","3,016","2,944","281,12K","1,69%"
"05.01.2017","2,966","2,973","2,995","2,915","434,77K","0,51%"
"04.01.2017","2,951","2,959","2,987","2,951","267,91K","0,48%"
"03.01.2017","2,937","3,110","3,175","2,930","1,68M","-5,35%"
"02.01.2017","3,103","3,103","3,139","3,059","419,47K","0,71%"
"30.12.2016","3,081","3,059","3,103","3,038","492,30K","0,72%"
"29.12.2016","3,059","3,045","3,074","3,009","312,70K","0,46%"
"28.12.2016","3,045","2,980","3,052","2,966","591,79K","2,91%"
"27.12.2016","2,959","3,023","3,067","2,959","620,55K","-2,38%"
"26.12.2016","3,031","2,944","3,045","2,944","898,96K","3,45%"
"23.12.2016","2,930","2,901","2,930","2,872","306,01K","1,00%"
"22.12.2016","2,901","2,923","2,959","2,880","570,54K","-0,48%"
"21.12.2016","2,915","2,937","2,959","2,908","357,46K","-0,27%"
"20.12.2016","2,923","2,894","2,937","2,880","411,17K","0,76%"
"19.12.2016","2,901","2,894","2,937","2,872","239,57K","0,73%"
"16.12.2016","2,880","2,844","2,923","2,836","1,19M","1,55%"
"15.12.2016","2,836","2,800","2,851","2,786","596,36K","1,79%"
"14.12.2016","2,786","2,779","2,815","2,757","665,28K","0,51%"
"13.12.2016","2,772","2,800","2,844","2,764","541,41K","-1,00%"
"12.12.2016","2,800","2,757","2,808","2,721","300,94K","1,30%"
"09.12.2016","2,764","2,800","2,815","2,764","255,51K","-0,54%"
"08.12.2016","2,779","2,829","2,836","2,772","450,36K","-0,75%"
"07.12.2016","2,800","2,779","2,829","2,743","446,22K","1,01%"
"06.12.2016","2,772","2,793","2,858","2,736","916,23K","-0,25%"
"05.12.2016","2,779","2,656","2,894","2,656","1,85M","4,36%"
"02.12.2016","2,663","2,671","2,728","2,620","366,87K","-0,30%"
"01.12.2016","2,671","2,786","2,793","2,671","569,83K","-3,64%"
"30.11.2016","2,772","2,880","3,146","2,764","3,15M","-3,75%"
"29.11.2016","2,880","2,822","2,980","2,822","3,18M","2,06%"
"28.11.2016","2,822","2,772","3,038","2,750","4,62M","2,88%"
"25.11.2016","2,743","2,736","2,750","2,707","70,54K","0,00%"
"24.11.2016","2,743","2,772","2,772","2,728","199,57K","-1,05%"
"23.11.2016","2,772","2,800","2,808","2,750","328,01K","-0,75%"
"22.11.2016","2,793","2,836","2,844","2,779","214,11K","-1,27%"
"21.11.2016","2,829","2,772","2,829","2,736","747,56K","2,61%"
"18.11.2016","2,757","2,728","2,757","2,707","222,15K","0,77%"
"17.11.2016","2,736","2,736","2,786","2,721","250,15K","0,00%"
"16.11.2016","2,736","2,743","2,757","2,700","670,74K","-0,26%"
"15.11.2016","2,743","2,858","2,894","2,714","1,35M","-3,04%"
"14.11.2016","2,829","2,707","2,858","2,678","617,98K","4,78%"
"11.11.2016","2,700","2,692","2,836","2,678","1,46M","0,00%"
"10.11.2016","2,700","2,700","2,728","2,671","201,52K","1,09%"
"09.11.2016","2,671","2,591","2,678","2,548","121,86K","0,83%"
"08.11.2016","2,649","2,649","2,663","2,620","74,51K","0,53%"
"07.11.2016","2,635","2,606","2,649","2,606","93,64K","1,97%"
"04.11.2016","2,584","2,649","2,656","2,577","150,25K","-2,97%"
"03.11.2016","2,663","2,685","2,700","2,656","237,23K","-0,30%"
"02.11.2016","2,671","2,663","2,707","2,635","409,69K","0,30%"
"01.11.2016","2,663","2,908","2,987","2,663","3,23M","-7,76%"
"31.10.2016","2,887","2,772","2,894","2,772","2,01M","4,98%"
"28.10.2016","2,750","2,757","2,800","2,736","198,51K","-0,51%"
"27.10.2016","2,764","2,757","2,793","2,750","462,94K","0,00%"
"26.10.2016","2,764","2,772","2,844","2,764","530,76K","0,51%"
"25.10.2016","2,750","2,757","2,793","2,736","743,44K","-0,51%"
"24.10.2016","2,764","2,721","2,793","2,721","876,46K","2,11%"
"21.10.2016","2,707","2,685","2,764","2,685","1,08M","0,56%"
"20.10.2016","2,692","2,692","2,714","2,663","658,33K","0,26%"
"19.10.2016","2,685","2,736","2,743","2,685","823,32K","-1,32%"
"18.10.2016","2,721","2,793","2,930","2,721","1,26M","-1,84%"
"17.10.2016","2,772","2,736","2,829","2,714","156,78K","0,54%"
"14.10.2016","2,757","2,757","2,786","2,700","273,21K","0,77%"
"13.10.2016","2,736","2,851","2,908","2,736","621,81K","-4,03%"
"12.10.2016","2,851","2,786","2,944","2,757","983,51K","2,08%"
"11.10.2016","2,793","2,649","2,844","2,627","1,43M","5,72%"
"10.10.2016","2,642","2,685","2,692","2,635","614,76K","-0,79%"
"07.10.2016","2,663","2,613","2,671","2,613","591,75K","1,91%"
"06.10.2016","2,613","2,606","2,627","2,591","312,82K","0,85%"
"05.10.2016","2,591","2,577","2,620","2,570","255,31K","0,27%"
"04.10.2016","2,584","2,584","2,642","2,570","609,12K","0,27%"
"03.10.2016","2,577","2,570","2,613","2,570","285,36K","0,86%"
"30.09.2016","2,555","2,563","2,620","2,541","429,16K","-0,31%"
"29.09.2016","2,563","2,606","2,620","2,563","310,57K","-0,54%"
"28.09.2016","2,577","2,527","2,649","2,519","639,48K","2,30%"
"27.09.2016","2,519","2,505","2,548","2,498","335,78K","0,56%"
"26.09.2016","2,505","2,455","2,519","2,455","382,83K","-3,88%"
"23.09.2016","2,606","2,685","2,685","2,606","760,88K","-2,69%"
"22.09.2016","2,678","2,584","2,894","2,584","4,33M","4,81%"
"21.09.2016","2,555","2,555","2,570","2,541","115,01K","0,00%"
"20.09.2016","2,555","2,563","2,577","2,548","72,86K","-0,58%"
"19.09.2016","2,570","2,563","2,620","2,548","244,21K","1,14%"
"16.09.2016","2,541","2,577","2,591","2,541","66,68K","-1,13%"
"09.09.2016","2,570","2,591","2,591","2,555","100,70K","-0,81%"
"08.09.2016","2,591","2,613","2,620","2,591","162,14K","0,00%"
"07.09.2016","2,591","2,635","2,649","2,591","164,03K","-1,37%"
"06.09.2016","2,627","2,642","2,692","2,627","97,48K","-0,83%"
"05.09.2016","2,649","2,613","2,714","2,606","860,76K","1,11%"
"02.09.2016","2,620","2,649","2,649","2,599","330,12K","0,00%"
"01.09.2016","2,620","2,700","2,707","2,613","685,83K","-2,42%"
"31.08.2016","2,685","2,613","2,808","2,613","2,15M","3,31%"
"29.08.2016","2,599","2,663","2,700","2,599","61,97K","-2,40%"
"26.08.2016","2,663","2,671","2,671","2,563","150,53K","-0,30%"
"25.08.2016","2,671","2,656","2,678","2,656","82,78K","0,56%"
"24.08.2016","2,656","2,649","2,671","2,635","419,92K","0,00%"
"23.08.2016","2,656","2,656","2,663","2,649","136,64K","0,00%"
"22.08.2016","2,656","2,649","2,663","2,642","177,21K","0,80%"
"19.08.2016","2,635","2,642","2,642","2,635","57,67K","0,00%"
"18.08.2016","2,635","2,642","2,642","2,620","197,69K","0,00%"
"17.08.2016","2,635","2,627","2,642","2,627","106,32K","0,57%"
"16.08.2016","2,620","2,642","2,642","2,620","196,73K","-0,57%"
"15.08.2016","2,635","2,642","2,663","2,635","174,16K","0,30%"
"12.08.2016","2,627","2,649","2,656","2,627","220,48K","-0,83%"
"11.08.2016","2,649","2,642","2,685","2,642","279,88K","0,26%"
"10.08.2016","2,642","2,649","2,656","2,642","213,96K","0,00%"
"09.08.2016","2,642","2,649","2,663","2,642","265,86K","-0,26%"
"08.08.2016","2,649","2,627","2,678","2,620","1,03M","1,38%"
"05.08.2016","2,613","2,613","2,613","2,599","116,15K","0,27%"
"04.08.2016","2,606","2,563","2,635","2,548","626,38K","1,68%"
"03.08.2016","2,563","2,591","2,591","2,548","251,04K","-0,81%"
"02.08.2016","2,584","2,627","2,627","2,584","225,01K","-0,58%"
"01.08.2016","2,599","2,606","2,620","2,591","171,82K","0,31%"
"29.07.2016","2,591","2,548","2,613","2,548","429,38K","1,41%"
"28.07.2016","2,555","2,483","2,563","2,455","672,30K","3,19%"
"27.07.2016","2,476","2,347","2,527","2,347","796,37K","7,47%"
"26.07.2016","2,304","2,340","2,354","2,296","133,44K","-1,54%"
"25.07.2016","2,340","2,239","2,340","2,239","191,90K","4,84%"
"22.07.2016","2,232","2,196","2,268","2,152","149,06K","2,01%"
"21.07.2016","2,188","2,246","2,268","2,152","241,74K","-4,70%"
"20.07.2016","2,296","2,332","2,361","2,275","326,75K","-1,88%"
"19.07.2016","2,340","2,325","2,419","2,325","311,66K","-1,52%"
"18.07.2016","2,376","2,491","2,563","2,325","437,40K","-9,55%"
"15.07.2016","2,627","2,599","2,649","2,599","661,44K","0,54%"
"14.07.2016","2,613","2,591","2,642","2,577","656,87K","1,67%"
"13.07.2016","2,570","2,591","2,620","2,570","358,72K","-0,81%"
"12.07.2016","2,591","2,570","2,591","2,563","257,66K","0,54%"
"11.07.2016","2,577","2,563","2,606","2,548","611,89K","1,42%"
"08.07.2016","2,541","2,534","2,577","2,519","259,91K","0,28%"
"04.07.2016","2,534","2,527","2,548","2,505","266,49K","0,28%"
"01.07.2016","2,527","2,476","2,527","2,476","288,50K","2,06%"
"30.06.2016","2,476","2,491","2,498","2,469","142,74K","-0,28%"
"29.06.2016","2,483","2,483","2,527","2,462","422,13K","-0,60%"
"28.06.2016","2,498","2,491","2,505","2,476","214,31K","0,89%"
"27.06.2016","2,476","2,440","2,498","2,440","326,49K","1,77%"
"24.06.2016","2,433","2,455","2,462","2,404","218,53K","-3,99%"
"23.06.2016","2,534","2,548","2,548","2,512","370,47K","-0,28%"
"22.06.2016","2,541","2,570","2,613","2,534","460,48K","-0,86%"
"21.06.2016","2,563","2,555","2,577","2,548","247,04K","0,00%"
"20.06.2016","2,563","2,555","2,570","2,541","232,57K","1,14%"
"17.06.2016","2,534","2,577","2,577","2,519","206,05K","-0,28%"
"16.06.2016","2,541","2,563","2,642","2,527","494,57K","-0,55%"
"15.06.2016","2,555","2,591","2,591","2,548","79,69K","-0,58%"
"14.06.2016","2,570","2,512","2,584","2,505","187,04K","2,59%"
"13.06.2016","2,505","2,548","2,570","2,498","141,94K","-0,87%"
"10.06.2016","2,527","2,555","2,570","2,519","174,02K","-1,67%"
"09.06.2016","2,570","2,613","2,613","2,563","237,87K","-0,81%"
"08.06.2016","2,591","2,591","2,599","2,563","143,99K","0,54%"
"07.06.2016","2,577","2,627","2,627","2,577","318,32K","-0,85%"
"06.06.2016","2,599","2,577","2,606","2,577","157,05K","0,85%"
"03.06.2016","2,577","2,563","2,591","2,548","625,00K","1,14%"
"02.06.2016","2,548","2,563","2,584","2,541","180,59K","-0,86%"
"01.06.2016","2,570","2,606","2,613","2,563","155,63K","-1,38%"
"31.05.2016","2,606","2,613","2,656","2,599","423,50K","0,00%"
"30.05.2016","2,606","2,620","2,642","2,599","588,04K","-0,53%"
"27.05.2016","2,620","2,642","2,649","2,606","307,55K","-0,27%"
"26.05.2016","2,627","2,663","2,671","2,613","619,82K","-0,30%"
"25.05.2016","2,635","2,620","2,635","2,584","573,31K","1,11%"
"24.05.2016","2,606","2,570","2,620","2,548","436,63K","1,68%"
"23.05.2016","2,563","2,584","2,606","2,555","296,01K","-0,27%"
"20.05.2016","2,570","2,606","2,606","2,555","164,22K","-0,27%"
"18.05.2016","2,577","2,555","2,577","2,534","256,39K","0,86%"
"17.05.2016","2,555","2,555","2,563","2,527","337,74K","0,55%"
"16.05.2016","2,541","2,570","2,584","2,534","325,08K","-0,55%"
"13.05.2016","2,555","2,606","2,613","2,555","243,47K","-1,39%"
"12.05.2016","2,591","2,721","2,880","2,591","1,77M","-4,53%"
"11.05.2016","2,714","2,534","2,764","2,527","989,81K","7,10%"
"10.05.2016","2,534","2,563","2,584","2,527","393,81K","-0,55%"
"09.05.2016","2,548","2,534","2,577","2,534","317,05K","1,15%"
"06.05.2016","2,519","2,548","2,555","2,483","442,91K","-1,41%"
"05.05.2016","2,555","2,548","2,591","2,462","828,13K","-1,69%"
"04.05.2016","2,599","2,606","2,635","2,570","417,18K","-0,80%"
"03.05.2016","2,620","2,671","2,721","2,599","600,23K","-1,61%"
"02.05.2016","2,663","2,692","2,721","2,656","679,86K","-1,08%"
"29.04.2016","2,692","2,721","2,736","2,678","494,52K","-0,55%"
"28.04.2016","2,707","2,844","2,858","2,707","1,26M","-4,31%"
"27.04.2016","2,829","2,757","3,059","2,757","5,38M","3,14%"
"26.04.2016","2,743","2,678","2,779","2,656","1,07M","3,00%"
"25.04.2016","2,663","2,656","2,692","2,649","397,25K","0,53%"
"22.04.2016","2,649","2,678","2,685","2,635","429,74K","-0,82%"
"21.04.2016","2,671","2,736","2,764","2,656","666,02K","-1,58%"
"20.04.2016","2,714","2,822","2,872","2,692","1,09M","-3,35%"
"19.04.2016","2,808","2,736","2,858","2,721","1,88M","2,93%"
"18.04.2016","2,728","2,700","2,772","2,692","794,55K","1,34%"
"15.04.2016","2,692","2,663","2,721","2,656","596,30K","1,09%"
"14.04.2016","2,663","2,692","2,721","2,663","566,09K","-1,08%"
"13.04.2016","2,692","2,678","2,721","2,678","659,79K","0,79%"
"12.04.2016","2,671","2,649","2,707","2,649","759,72K","1,10%"
"11.04.2016","2,642","2,627","2,649","2,627","340,38K","0,84%"
"08.04.2016","2,620","2,627","2,642","2,606","283,66K","0,54%"
"07.04.2016","2,606","2,613","2,649","2,606","363,57K","0,27%"
"06.04.2016","2,599","2,620","2,635","2,599","410,15K","-0,27%"
"05.04.2016","2,606","2,663","2,663","2,599","340,50K","-1,88%"
"04.04.2016","2,656","2,656","2,700","2,642","729,50K","0,80%"
"01.04.2016","2,635","2,642","2,656","2,627","386,16K","0,00%"
"31.03.2016","2,635","2,635","2,649","2,613","560,40K","0,84%"
"30.03.2016","2,613","2,584","2,620","2,584","534,84K","1,40%"
"29.03.2016","2,577","2,613","2,620","2,577","552,12K","-0,85%"
"28.03.2016","2,599","2,627","2,627","2,591","470,18K","-1,07%"
"25.03.2016","2,627","2,707","2,757","2,620","1,57M","-2,96%"
"24.03.2016","2,707","2,671","2,728","2,656","1,87M","1,65%"
"23.03.2016","2,663","2,642","2,700","2,627","801,49K","1,64%"
"22.03.2016","2,620","2,663","2,663","2,599","506,32K","-1,61%"
"21.03.2016","2,663","2,656","2,692","2,635","699,59K","1,37%"
"18.03.2016","2,627","2,627","2,656","2,577","752,75K","0,27%"
"17.03.2016","2,620","2,685","2,721","2,599","1,26M","-0,83%"
"16.03.2016","2,642","2,534","2,649","2,534","1,22M","3,69%"
"15.03.2016","2,548","2,555","2,591","2,527","370,57K","0,00%"
"14.03.2016","2,548","2,534","2,577","2,519","327,85K","0,28%"
"11.03.2016","2,541","2,563","2,570","2,527","371,20K","-0,27%"
"10.03.2016","2,548","2,606","2,620","2,548","630,97K","-1,66%"
"09.03.2016","2,591","2,570","2,599","2,563","201,03K","1,09%"
"08.03.2016","2,563","2,548","2,591","2,548","328,63K","0,59%"
"07.03.2016","2,548","2,541","2,577","2,534","199,90K","0,55%"
"04.03.2016","2,534","2,541","2,555","2,519","307,21K","0,28%"
"03.03.2016","2,527","2,563","2,570","2,519","282,07K","-0,82%"
"02.03.2016","2,548","2,563","2,649","2,541","1,36M","0,28%"
"01.03.2016","2,541","2,577","2,577","2,541","415,59K","-0,55%"
"29.02.2016","2,555","2,591","2,606","2,555","717,30K","-1,96%"
"26.02.2016","2,606","2,649","2,671","2,584","545,05K","-0,53%"
"25.02.2016","2,620","2,541","2,728","2,519","1,34M","4,01%"
"24.02.2016","2,519","2,584","2,606","2,519","377,31K","-2,25%"
"23.02.2016","2,577","2,555","2,591","2,527","927,46K","0,86%"
"22.02.2016","2,555","2,498","2,613","2,483","1,42M","3,19%"
"19.02.2016","2,476","2,491","2,498","2,462","264,65K","0,00%"
"18.02.2016","2,476","2,476","2,498","2,419","595,35K","0,57%"
"17.02.2016","2,462","2,376","2,483","2,347","727,55K","3,01%"
"16.02.2016","2,390","2,455","2,469","2,368","672,60K","1,83%"
"15.02.2016","2,347","2,412","2,419","2,239","637,59K","-2,37%"
"12.02.2016","2,404","2,462","2,462","2,397","239,76K","-1,19%"
"11.02.2016","2,433","2,462","2,476","2,412","404,86K","-2,01%"
"10.02.2016","2,483","2,505","2,534","2,476","333,95K","-0,88%"
"09.02.2016","2,505","2,555","2,599","2,440","738,06K","-2,79%"
"08.02.2016","2,577","2,685","2,707","2,563","2,68M","-2,72%"
"05.02.2016","2,649","2,671","2,700","2,627","1,14M","-0,53%"
"04.02.2016","2,663","2,685","2,692","2,656","878,85K","0,26%"
"03.02.2016","2,656","2,649","2,707","2,627","750,72K","0,26%"
"02.02.2016","2,649","2,649","2,671","2,613","1,23M","0,53%"
"01.02.2016","2,635","2,663","2,671","2,627","573,83K","-1,05%"
"29.01.2016","2,663","2,671","2,692","2,635","1,06M","0,26%"
"28.01.2016","2,656","2,671","2,692","2,649","961,32K","-0,56%"
"27.01.2016","2,671","2,649","2,736","2,635","1,79M","0,56%"
"26.01.2016","2,656","2,656","2,700","2,620","800,76K","0,00%"
"25.01.2016","2,656","2,620","2,671","2,620","625,14K","2,19%"
"22.01.2016","2,599","2,584","2,613","2,563","552,70K","1,72%"
"21.01.2016","2,555","2,606","2,627","2,512","601,32K","-1,96%"
"20.01.2016","2,606","2,606","2,671","2,591","855,09K","-0,80%"
"19.01.2016","2,627","2,627","2,663","2,613","614,78K","0,27%"
"18.01.2016","2,620","2,627","2,649","2,591","355,04K","0,27%"
"15.01.2016","2,613","2,649","2,678","2,584","714,85K","-1,10%"
"14.01.2016","2,642","2,606","2,736","2,577","3,03M","0,00%"
"13.01.2016","2,642","2,505","2,700","2,505","2,78M","6,70%"
"12.01.2016","2,476","2,469","2,491","2,440","612,39K","0,86%"
"11.01.2016","2,455","2,419","2,483","2,404","437,52K","1,20%"
"08.01.2016","2,426","2,491","2,505","2,419","482,60K","-0,57%"
"07.01.2016","2,440","2,447","2,519","2,397","1,96M","-1,17%"
"06.01.2016","2,469","2,440","2,534","2,426","935,36K","0,00%"
"05.01.2016","2,469","2,527","2,541","2,426","536,46K","-1,44%"
"04.01.2016","2,505","2,548","2,555","2,469","413,28K","-3,32%"
"31.12.2015","2,591","2,649","2,671","2,577","585,85K","-1,93%"
"30.12.2015","2,642","2,880","2,951","2,620","2,24M","1,11%"
"29.12.2015","2,613","2,584","2,671","2,570","1,10M","1,12%"
"28.12.2015","2,584","2,591","2,656","2,555","442,74K","0,54%"
"25.12.2015","2,570","2,620","2,620","2,555","108,84K","-1,38%"
"24.12.2015","2,606","2,591","2,635","2,584","159,21K","-1,36%"
"23.12.2015","2,642","2,599","2,685","2,599","775,25K","2,52%"
"22.12.2015","2,577","2,512","2,656","2,512","1,05M","1,98%"
"21.12.2015","2,527","2,491","2,627","2,491","409,63K","2,06%"
"18.12.2015","2,476","2,563","2,649","2,476","669,41K","-3,92%"
"17.12.2015","2,577","2,383","2,714","2,361","1,74M","9,15%"
"16.12.2015","2,361","2,347","2,404","2,325","272,51K","0,60%"
"15.12.2015","2,347","2,260","2,347","2,260","267,87K","3,85%"
"14.12.2015","2,260","2,318","2,325","2,232","229,04K","-1,57%"
"11.12.2015","2,296","2,397","2,426","2,246","268,21K","-3,93%"
"10.12.2015","2,390","2,498","2,555","2,383","208,27K","-5,42%"
"09.12.2015","2,527","2,483","2,555","2,440","158,42K","2,35%"
"08.12.2015","2,469","2,548","2,599","2,440","83,12K","-3,93%"
"07.12.2015","2,570","2,591","2,627","2,548","148,44K","-0,27%"
"04.12.2015","2,577","2,642","2,649","2,555","215,65K","-2,20%"
"03.12.2015","2,635","2,714","2,721","2,627","234,63K","-2,41%"
"02.12.2015","2,700","2,736","2,764","2,685","217,11K","-0,52%"
"01.12.2015","2,714","2,707","2,743","2,707","186,66K","0,00%"
"30.11.2015","2,714","2,599","2,721","2,599","207,70K","2,73%"
"27.11.2015","2,642","2,620","2,656","2,599","195,93K","1,97%"
"26.11.2015","2,591","2,656","2,671","2,591","128,54K","-3,25%"
"25.11.2015","2,678","2,656","2,700","2,635","244,99K","0,26%"
"24.11.2015","2,671","2,728","2,757","2,613","356,50K","-2,09%"
"23.11.2015","2,728","2,721","2,764","2,721","215,76K","0,26%"
"20.11.2015","2,721","2,750","2,779","2,721","393,04K","-1,05%"
"19.11.2015","2,750","2,757","2,800","2,707","480,36K","1,07%"
"18.11.2015","2,721","2,757","2,772","2,721","353,99K","-0,80%"
"17.11.2015","2,743","2,772","2,800","2,736","399,08K","-0,76%"
"16.11.2015","2,764","2,800","2,829","2,757","420,44K","-1,29%"
"13.11.2015","2,800","2,728","2,923","2,714","3,90M","2,90%"
"12.11.2015","2,721","2,736","2,764","2,700","880,16K","-0,26%"
"11.11.2015","2,728","2,736","2,779","2,707","968,77K","0,78%"
"10.11.2015","2,707","2,700","2,772","2,663","2,43M","1,65%"
"09.11.2015","2,663","2,728","2,750","2,635","2,59M","-6,10%"
"06.11.2015","2,836","3,139","3,211","2,836","3,00M","-9,85%"
"05.11.2015","3,146","3,052","3,268","3,023","3,30M","3,08%"
"04.11.2015","3,052","3,124","3,182","3,052","1,62M","-0,49%"
"03.11.2015","3,067","2,880","3,182","2,858","6,77M","8,15%"
"02.11.2015","2,836","2,642","2,836","2,541","3,76M","15,19%"
"30.10.2015","2,462","2,433","2,476","2,412","221,08K","0,61%"
"28.10.2015","2,447","2,527","2,541","2,447","164,32K","-2,86%"
"27.10.2015","2,519","2,570","2,671","2,498","1,13M","-1,41%"
"26.10.2015","2,555","2,627","2,663","2,555","443,35K","-2,22%"
"23.10.2015","2,613","2,656","2,700","2,599","337,69K","-0,83%"
"22.10.2015","2,635","2,656","2,707","2,627","556,87K","0,00%"
"21.10.2015","2,635","2,649","2,721","2,627","588,29K","-0,53%"
"20.10.2015","2,649","2,714","2,721","2,649","653,39K","-1,60%"
"19.10.2015","2,692","2,887","2,930","2,671","3,18M","-6,53%"
"16.10.2015","2,880","2,764","2,987","2,649","3,20M","4,99%"
"15.10.2015","2,743","2,700","2,944","2,700","2,97M","3,82%"
"14.10.2015","2,642","2,570","2,642","2,483","1,30M","3,41%"
"13.10.2015","2,555","2,462","2,656","2,462","3,62M","4,41%"
"12.10.2015","2,447","2,390","2,483","2,318","476,77K","1,79%"
"09.10.2015","2,404","2,433","2,455","2,383","308,82K","-0,91%"
"08.10.2015","2,426","2,419","2,440","2,390","322,73K","0,00%"
"07.10.2015","2,426","2,483","2,491","2,412","675,05K","-0,86%"
"06.10.2015","2,447","2,412","2,534","2,368","2,12M","4,26%"
"05.10.2015","2,347","2,318","2,361","2,311","560,18K","2,53%"
"02.10.2015","2,289","2,304","2,318","2,289","263,59K","-0,65%"
"01.10.2015","2,304","2,311","2,340","2,289","525,10K","0,66%"
"30.09.2015","2,289","2,253","2,332","2,253","1,72M","2,55%"
"29.09.2015","2,232","2,232","2,253","2,203","220,62K","0,00%"
"28.09.2015","2,232","2,304","2,325","2,232","540,01K","-3,12%"
"23.09.2015","2,304","2,282","2,340","2,268","469,28K","0,96%"
"22.09.2015","2,282","2,253","2,354","2,246","1,53M","1,29%"
"21.09.2015","2,253","2,224","2,260","2,210","346,46K","1,30%"
"18.09.2015","2,224","2,232","2,232","2,203","233,50K","0,00%"
"17.09.2015","2,224","2,232","2,239","2,217","243,96K","-0,36%"
"16.09.2015","2,232","2,246","2,246","2,224","381,06K","0,00%"
"15.09.2015","2,232","2,239","2,282","2,217","1,30M","0,36%"
"14.09.2015","2,224","2,232","2,282","2,196","815,25K","-0,36%"
"11.09.2015","2,232","2,181","2,296","2,174","1,19M","2,67%"
"10.09.2015","2,174","2,188","2,203","2,160","440,85K","-1,32%"
"09.09.2015","2,203","2,203","2,246","2,181","445,45K","1,33%"
"08.09.2015","2,174","2,210","2,217","2,174","154,53K","-0,64%"
"07.09.2015","2,188","2,224","2,239","2,181","122,29K","-1,97%"
"04.09.2015","2,232","2,260","2,268","2,232","66,05K","-1,24%"
"03.09.2015","2,260","2,282","2,289","2,232","125,16K","-0,66%"
"02.09.2015","2,275","2,275","2,282","2,253","66,69K","0,66%"
"01.09.2015","2,260","2,282","2,289","2,253","79,14K","-0,96%"
"31.08.2015","2,282","2,296","2,296","2,268","70,19K","0,31%"
"28.08.2015","2,275","2,311","2,311","2,260","40,77K","-0,61%"
"27.08.2015","2,289","2,289","2,311","2,282","118,20K","1,28%"
"26.08.2015","2,260","2,232","2,304","2,224","188,59K","0,62%"
"25.08.2015","2,246","2,224","2,282","2,188","164,05K","3,65%"
"24.08.2015","2,167","2,289","2,304","2,145","128,13K","-5,95%"
"21.08.2015","2,304","2,304","2,332","2,289","184,68K","-0,60%"
"20.08.2015","2,318","2,311","2,361","2,296","233,73K","-2,11%"
"19.08.2015","2,368","2,318","2,455","2,253","947,68K","3,77%"
"18.08.2015","2,282","2,282","2,354","2,260","142,33K","-0,61%"
"17.08.2015","2,296","2,296","2,304","2,246","74,35K","0,00%"
"14.08.2015","2,296","2,268","2,332","2,268","252,95K","0,61%"
"13.08.2015","2,282","2,361","2,376","2,196","281,28K","-3,06%"
"12.08.2015","2,354","2,412","2,412","2,354","126,69K","-2,97%"
"11.08.2015","2,426","2,368","2,433","2,368","171,60K","3,06%"
"10.08.2015","2,354","2,447","2,455","2,332","167,98K","-4,11%"
"07.08.2015","2,455","2,476","2,519","2,440","319,59K","-1,45%"
"06.08.2015","2,491","2,534","2,584","2,491","331,08K","-1,70%"
"05.08.2015","2,534","2,519","2,591","2,512","636,07K","0,60%"
"04.08.2015","2,519","2,527","2,599","2,512","668,94K","0,28%"
"03.08.2015","2,512","2,599","2,599","2,512","276,50K","-2,79%"
"31.07.2015","2,584","2,519","2,642","2,462","1,80M","4,07%"
"30.07.2015","2,483","2,412","2,555","2,412","798,93K","2,35%"
"29.07.2015","2,426","2,426","2,433","2,404","228,10K","0,00%"
"28.07.2015","2,426","2,404","2,527","2,397","348,91K","1,51%"
"27.07.2015","2,390","2,462","2,483","2,390","147,17K","-2,92%"
"24.07.2015","2,462","2,419","2,512","2,397","199,48K","1,19%"
"23.07.2015","2,433","2,678","2,700","2,419","364,55K","-8,40%"
"22.07.2015","2,656","2,685","2,692","2,642","204,00K","-0,82%"
"21.07.2015","2,678","2,692","2,793","2,671","584,90K","0,56%"
"20.07.2015","2,663","2,736","2,750","2,663","130,93K","-2,92%"
"16.07.2015","2,743","2,772","2,772","2,728","49,32K","0,00%"
"15.07.2015","2,743","2,757","2,786","2,736","194,73K","0,00%"
"14.07.2015","2,743","2,772","2,779","2,736","192,12K","-0,51%"
"13.07.2015","2,757","2,779","2,779","2,750","195,97K","-0,54%"
"10.07.2015","2,772","2,808","2,808","2,764","219,56K","0,00%"
"09.07.2015","2,772","2,779","2,808","2,757","184,04K","1,32%"
"08.07.2015","2,736","2,786","2,808","2,736","146,78K","-2,56%"
"07.07.2015","2,808","2,800","2,836","2,772","398,84K","0,79%"
"06.07.2015","2,786","2,736","2,800","2,736","245,16K","1,57%"
"03.07.2015","2,743","2,750","2,779","2,743","139,10K","0,26%"
"02.07.2015","2,736","2,750","2,757","2,721","98,62K","-0,26%"
"01.07.2015","2,743","2,736","2,858","2,721","1,10M","0,81%"
"30.06.2015","2,721","2,772","2,772","2,707","296,90K","-1,05%"
"29.06.2015","2,750","2,779","2,800","2,750","269,07K","-2,79%"
"26.06.2015","2,829","2,815","2,851","2,815","262,59K","0,00%"
"25.06.2015","2,829","2,872","2,880","2,822","388,67K","-1,26%"
"24.06.2015","2,865","2,858","2,901","2,851","470,81K","0,49%"
"23.06.2015","2,851","2,872","2,887","2,844","194,54K","-0,49%"
"22.06.2015","2,865","2,887","2,887","2,851","205,06K","0,74%"
"19.06.2015","2,844","2,858","2,901","2,829","454,71K","0,00%"
"18.06.2015","2,844","2,844","2,880","2,829","667,22K","0,53%"
"17.06.2015","2,829","2,822","2,844","2,808","179,60K","0,50%"
"16.06.2015","2,815","2,800","2,951","2,772","822,06K","1,04%"
"15.06.2015","2,786","2,815","2,851","2,786","135,31K","-2,04%"
"12.06.2015","2,844","2,894","2,894","2,844","218,91K","-1,25%"
"11.06.2015","2,880","2,865","2,937","2,858","472,81K","0,77%"
"10.06.2015","2,858","2,750","2,915","2,750","358,71K","3,40%"
"09.06.2015","2,764","2,728","2,808","2,700","105,39K","2,37%"
"08.06.2015","2,700","2,692","2,808","2,606","177,15K","-9,40%"
"05.06.2015","2,980","2,987","3,045","2,959","384,76K","0,00%"
"04.06.2015","2,980","2,995","3,002","2,966","89,48K","-0,73%"
"03.06.2015","3,002","3,002","3,023","2,995","124,59K","0,23%"
"02.06.2015","2,995","2,987","3,052","2,980","573,04K","0,98%"
"01.06.2015","2,966","3,045","3,081","2,966","397,29K","-40,68%"
"27.01.2015","5,000","5,080","5,150","4,980","1,04M","-1,19%"
"26.01.2015","5,060","4,830","5,240","4,830","3,62M","5,20%"
"23.01.2015","4,810","4,730","4,980","4,670","1,44M","2,12%"
"22.01.2015","4,710","4,610","4,880","4,610","1,59M","2,84%"
"21.01.2015","4,580","4,590","4,660","4,560","519,87K","0,22%"
"20.01.2015","4,570","4,580","4,610","4,540","269,40K","0,44%"
"19.01.2015","4,550","4,590","4,610","4,530","145,09K","-0,22%"
"16.01.2015","4,560","4,610","4,670","4,540","685,28K","-1,08%"
"15.01.2015","4,610","4,610","4,660","4,510","714,56K","1,10%"
"14.01.2015","4,560","4,540","4,740","4,520","1,43M","-0,22%"
"13.01.2015","4,570","4,630","4,770","4,570","949,24K","-1,08%"
"12.01.2015","4,620","4,600","4,720","4,570","1,18M","0,87%"
"09.01.2015","4,580","4,490","4,610","4,470","902,96K","2,69%"
"08.01.2015","4,460","4,500","4,520","4,430","812,33K","-0,67%"
"07.01.2015","4,490","4,370","4,750","4,340","3,94M","3,22%"
"06.01.2015","4,350","4,330","4,360","4,280","684,32K","14,78%"
"13.10.2014","3,790","3,710","3,830","3,710","158,54K","1,88%"
"10.10.2014","3,720","3,780","3,780","3,690","107,18K","-2,62%"
"09.10.2014","3,820","3,750","3,850","3,750","167,24K","2,41%"
"08.10.2014","3,730","3,870","3,870","3,730","130,04K","-4,36%"
"03.10.2014","3,900","3,930","3,930","3,870","49,50K","-0,26%"
"02.10.2014","3,910","3,920","3,930","3,900","98,00K","-0,26%"
"01.10.2014","3,920","3,940","3,990","3,900","194,44K","0,00%"
"30.09.2014","3,920","3,900","3,990","3,900","304,19K","0,77%"
"29.09.2014","3,890","3,920","3,950","3,870","126,46K","0,00%"
"26.09.2014","3,890","3,920","3,980","3,890","180,44K","-0,77%"
"25.09.2014","3,920","3,980","4,030","3,870","113,44K","-1,26%"
"24.09.2014","3,970","4,070","4,110","3,970","184,82K","-2,22%"
"23.09.2014","4,060","4,080","4,120","4,060","114,64K","-0,25%"
"22.09.2014","4,070","4,120","4,140","4,070","206,52K","-0,73%"
"19.09.2014","4,100","4,190","4,200","4,100","199,81K","-0,97%"
"18.09.2014","4,140","4,210","4,210","4,140","135,77K","-2,13%"
"17.09.2014","4,230","4,240","4,270","4,210","240,90K","0,24%"
"16.09.2014","4,220","4,220","4,620","4,170","1,46M","0,48%"
"15.09.2014","4,200","4,230","4,250","4,200","121,68K","-0,94%"
"12.09.2014","4,240","4,300","4,510","4,230","652,79K","-1,17%"
"11.09.2014","4,290","4,330","4,390","4,290","140,01K","-0,92%"
"10.09.2014","4,330","4,400","4,440","3,990","167,39K","-2,04%"
"09.09.2014","4,420","4,480","4,490","4,410","210,27K","-0,90%"
"08.09.2014","4,460","4,430","4,470","4,420","188,58K","0,90%"
"05.09.2014","4,420","4,410","4,440","4,400","116,04K","0,23%"
"04.09.2014","4,410","4,410","4,430","4,400","65,03K","0,23%"
"03.09.2014","4,400","4,400","4,420","4,390","86,03K","0,00%"
"02.09.2014","4,400","4,420","4,460","4,390","147,21K","-0,45%"
"01.09.2014","4,420","4,410","4,430","4,400","56,29K","0,45%"
"29.08.2014","4,400","4,450","4,510","4,390","498,95K","-0,45%"
"28.08.2014","4,420","4,420","4,460","4,400","127,04K","-0,23%"
"27.08.2014","4,430","4,430","4,490","4,410","322,31K","0,23%"
"26.08.2014","4,420","4,410","4,490","4,400","321,21K","0,23%"
"25.08.2014","4,410","4,420","4,450","4,400","182,56K","-0,23%"
"22.08.2014","4,420","4,520","4,550","4,420","369,79K","-2,00%"
"21.08.2014","4,510","4,450","4,840","4,450","6,73M","2,04%"
"20.08.2014","4,420","4,400","4,450","4,400","73,44K","0,45%"
"19.08.2014","4,400","4,380","4,450","4,380","123,12K","0,69%"
"18.08.2014","4,370","4,390","4,400","4,310","71,84K","0,23%"
"15.08.2014","4,360","4,450","4,500","4,360","214,06K","-2,02%"
"14.08.2014","4,450","4,420","4,520","4,400","300,55K","1,14%"
"13.08.2014","4,400","4,440","4,500","4,400","96,69K","-0,45%"
"12.08.2014","4,420","4,510","4,510","4,400","83,49K","-0,23%"
"11.08.2014","4,430","4,580","4,590","4,410","148,25K","-1,56%"
"08.08.2014","4,500","4,350","4,510","4,250","201,74K","2,51%"
"07.08.2014","4,390","4,420","4,460","4,390","70,18K","-0,90%"
"06.08.2014","4,430","4,480","4,520","4,420","107,92K","-1,34%"
"05.08.2014","4,490","4,580","4,580","4,490","169,43K","-1,54%"
"04.08.2014","4,560","4,660","4,710","4,540","206,47K","-1,94%"
"01.08.2014","4,650","4,500","4,870","4,500","1,20M","6,16%"
"31.07.2014","4,380","4,640","4,640","4,380","116,85K","-5,40%"
"25.07.2014","4,630","4,630","4,680","4,630","89,97K","-0,43%"
"24.07.2014","4,650","4,640","4,740","4,630","241,26K","1,09%"
"23.07.2014","4,600","4,650","4,660","4,600","88,83K","-0,65%"
"22.07.2014","4,630","4,660","4,680","4,610","98,10K","-0,22%"
"21.07.2014","4,640","4,690","4,700","4,640","123,96K","-0,43%"
"18.07.2014","4,660","4,670","4,710","4,650","159,92K","-0,64%"
"17.07.2014","4,690","4,680","4,730","4,670","244,84K","0,43%"
"16.07.2014","4,670","4,690","4,710","4,660","157,98K","0,00%"
"15.07.2014","4,670","4,680","4,690","4,660","146,07K","0,00%"
"14.07.2014","4,670","4,710","4,720","4,650","186,62K","-0,21%"
"11.07.2014","4,680","4,690","4,930","4,670","1,27M","1,96%"
"10.07.2014","4,590","4,670","4,670","4,570","104,65K","-1,08%"
"09.07.2014","4,640","4,650","4,670","4,630","75,75K","0,00%"
"08.07.2014","4,640","4,700","4,740","4,630","174,75K","-0,85%"
"07.07.2014","4,680","4,650","4,720","4,650","159,69K","0,65%"
"04.07.2014","4,650","4,700","4,740","4,650","137,35K","-0,64%"
"03.07.2014","4,680","4,670","4,810","4,640","400,67K","0,65%"
"02.07.2014","4,650","4,700","4,720","4,620","153,35K","-0,64%"
"01.07.2014","4,680","4,810","4,830","4,680","195,24K","-2,50%"
"30.06.2014","4,800","4,900","4,930","4,780","266,88K","-1,64%"
"27.06.2014","4,880","4,850","4,880","4,820","163,56K","0,62%"
"26.06.2014","4,850","4,860","4,890","4,780","240,30K","0,41%"
"25.06.2014","4,830","4,810","4,890","4,800","246,04K","-0,62%"
"24.06.2014","4,860","4,860","4,940","4,820","410,82K","0,21%"
"23.06.2014","4,850","4,830","5,000","4,770","327,03K","1,89%"
"20.06.2014","4,760","4,590","4,760","4,590","483,60K","3,25%"
"19.06.2014","4,610","4,630","4,650","4,570","272,61K","1,32%"
"18.06.2014","4,550","4,550","4,620","4,530","267,58K","0,22%"
"17.06.2014","4,540","4,500","4,780","4,450","632,68K","1,57%"
"16.06.2014","4,470","4,560","4,630","4,420","114,01K","-3,04%"
"13.06.2014","4,610","4,660","4,710","4,610","102,30K","-1,07%"
"12.06.2014","4,660","4,630","4,720","4,560","278,20K","-0,21%"
"11.06.2014","4,670","4,930","4,930","4,620","294,84K","-4,89%"
"10.06.2014","4,910","4,950","4,950","4,850","219,20K","-0,20%"
"09.06.2014","4,920","4,870","4,960","4,870","471,43K","1,65%"
"06.06.2014","4,840","4,830","4,870","4,800","184,04K","0,21%"
"05.06.2014","4,830","4,830","4,840","4,760","248,29K","0,62%"
"04.06.2014","4,800","4,740","4,920","4,740","846,04K","0,84%"
"03.06.2014","4,760","4,780","4,830","4,720","229,94K","-1,45%"
"02.06.2014","4,830","4,960","4,960","4,770","155,02K","-0,62%"
"30.05.2014","4,860","4,780","4,860","4,720","327,78K","1,46%"
"29.05.2014","4,790","4,850","4,870","4,750","285,46K","-0,83%"
"28.05.2014","4,830","4,880","4,910","4,830","264,69K","-0,82%"
"27.05.2014","4,870","4,960","4,980","4,870","229,89K","-2,21%"
"26.05.2014","4,980","4,940","5,020","4,940","148,98K","0,81%"
"23.05.2014","4,940","4,970","5,020","4,930","252,47K","-0,40%"
"22.05.2014","4,960","4,960","5,040","4,940","225,32K","0,20%"
"21.05.2014","4,950","4,920","4,990","4,920","207,37K","0,00%"
"20.05.2014","4,950","4,920","4,970","4,910","146,70K","0,81%"
"16.05.2014","4,910","4,970","4,970","4,880","159,97K","-1,21%"
"15.05.2014","4,970","5,020","5,050","4,960","170,00K","-1,00%"
"14.05.2014","5,020","5,040","5,080","4,970","353,30K","-0,20%"
"13.05.2014","5,030","5,140","5,140","5,030","341,44K","-1,95%"
"12.05.2014","5,130","5,220","5,260","5,110","787,95K","-1,35%"
"09.05.2014","5,200","5,090","5,200","5,050","735,37K","2,36%"
"08.05.2014","5,080","5,020","5,190","5,020","1,10M","1,80%"
"07.05.2014","4,990","5,000","5,060","4,990","238,53K","-0,40%"
"06.05.2014","5,010","5,030","5,080","4,990","268,56K","0,20%"
"05.05.2014","5,000","5,050","5,070","4,970","288,09K","-0,79%"
"02.05.2014","5,040","5,030","5,080","5,020","474,31K","1,00%"
"30.04.2014","4,990","4,930","5,080","4,930","564,80K","1,42%"
"29.04.2014","4,920","5,070","5,080","4,920","511,45K","-2,57%"
"28.04.2014","5,050","4,930","5,080","4,860","608,96K","2,43%"
"25.04.2014","4,930","5,050","5,080","4,880","400,11K","-2,18%"
"24.04.2014","5,040","5,110","5,130","5,020","386,63K","-1,37%"
"22.04.2014","5,110","5,170","5,230","5,110","494,55K","-1,16%"
"21.04.2014","5,170","5,160","5,230","5,140","424,14K","0,58%"
"18.04.2014","5,140","5,120","5,260","5,120","1,19M","0,78%"
"17.04.2014","5,100","5,080","5,160","5,070","508,97K","0,99%"
"16.04.2014","5,050","5,150","5,180","5,050","1,07M","-1,17%"
"15.04.2014","5,110","5,340","5,370","5,100","899,20K","-3,58%"
"14.04.2014","5,300","5,360","5,520","5,250","1,04M","-0,93%"
"11.04.2014","5,350","5,010","5,460","5,000","4,36M","5,73%"
"10.04.2014","5,060","4,970","5,080","4,970","746,59K","2,22%"
"09.04.2014","4,950","5,010","5,120","4,940","755,05K","-1,20%"
"08.04.2014","5,010","5,020","5,120","4,980","1,04M","1,01%"
"07.04.2014","4,960","4,830","5,040","4,810","1,27M","2,27%"
"04.04.2014","4,850","4,840","4,870","4,800","337,23K","0,83%"
"03.04.2014","4,810","4,840","4,890","4,800","502,20K","0,21%"
"02.04.2014","4,800","4,860","4,870","4,600","253,05K","-1,03%"
"01.04.2014","4,850","4,810","4,890","4,790","646,15K","1,04%"
"31.03.2014","4,800","4,820","4,920","4,740","365,10K","1,27%"
"28.03.2014","4,740","4,840","4,870","4,730","395,55K","-1,25%"
"27.03.2014","4,800","4,960","4,970","4,800","313,81K","-3,03%"
"26.03.2014","4,950","4,850","4,950","4,850","358,28K","2,70%"
"25.03.2014","4,820","4,800","4,860","4,750","349,78K","1,26%"
"24.03.2014","4,760","4,930","4,980","4,740","282,00K","-3,45%"
"21.03.2014","4,930","4,950","4,970","4,880","428,05K","-0,40%"
"20.03.2014","4,950","4,910","4,980","4,900","407,03K","0,20%"
"19.03.2014","4,940","4,960","5,070","4,910","799,98K","-0,20%"
"18.03.2014","4,950","4,850","4,990","4,820","1,34M","2,27%"
"17.03.2014","4,840","4,820","4,910","4,810","433,20K","1,89%"
"14.03.2014","4,750","4,760","4,830","4,740","469,02K","-0,84%"
"13.03.2014","4,790","4,740","5,080","4,730","1,60M","1,70%"
"12.03.2014","4,710","4,690","4,720","4,650","349,54K","-0,63%"
"11.03.2014","4,740","4,740","4,890","4,710","1,24M","0,42%"
"10.03.2014","4,720","4,750","4,830","4,690","259,66K","-1,67%"
"07.03.2014","4,800","4,880","4,970","4,790","1,03M","-1,44%"
"06.03.2014","4,870","4,870","4,930","4,840","370,00K","0,62%"
"05.03.2014","4,840","4,900","4,970","4,830","690,30K","-0,82%"